#
# There is insufficient memory for the Java Runtime Environment to continue.
# Native memory allocation (mmap) failed to map 1711276032 bytes. Error detail: G1 virtual space
# Possible reasons:
#   The system is out of physical RAM or swap space
#   This process is running with CompressedOops enabled, and the Java Heap may be blocking the growth of the native heap
# Possible solutions:
#   Reduce memory load on the system
#   Increase physical memory or swap space
#   Check if swap backing store is full
#   Decrease Java heap size (-Xmx/-Xms)
#   Decrease number of Java threads
#   Decrease Java thread stack sizes (-Xss)
#   Set larger code cache with -XX:ReservedCodeCacheSize=
#   JVM is running with Zero Based Compressed Oops mode in which the Java heap is
#     placed in the first 32GB address space. The Java Heap base address is the
#     maximum limit for the native heap growth. Please use -XX:HeapBaseMinAddress
#     to set the Java Heap base and to place the Java Heap above 32GB virtual address.
# This output file may be truncated or incomplete.
#
#  Out of Memory Error (os_windows.cpp:3583), pid=16288, tid=16992
#
# JRE version: OpenJDK Runtime Environment Temurin-26.0.2+10 (26.0.2+10) (build 26.0.2+10)
# Java VM: OpenJDK 64-Bit Server VM Temurin-26.0.2+10 (26.0.2+10, mixed mode, sharing, tiered, compressed oops, compressed class ptrs, g1 gc, windows-amd64)
# No core dump will be written. Minidumps are not enabled by default on client versions of Windows
#

---------------  S U M M A R Y ------------

Command Line: -Xms8G -Xmx12G -XX:+UseG1GC -XX:+ParallelRefProcEnabled -XX:MaxGCPauseMillis=200 -XX:+UnlockExperimentalVMOptions -XX:+DisableExplicitGC -XX:G1NewSizePercent=20 -XX:G1MaxNewSizePercent=40 -XX:G1HeapRegionSize=16M -XX:G1ReservePercent=20 -XX:G1HeapWastePercent=5 -XX:G1MixedGCCountTarget=4 -XX:InitiatingHeapOccupancyPercent=15 -XX:G1MixedGCLiveThresholdPercent=90 -XX:G1RSetUpdatingPauseTimePercent=5 -XX:SurvivorRatio=32 -XX:MaxTenuringThreshold=1 -XX:+PerfDisableSharedMem -Dio.netty.eventLoopThreads=6 fabric-server-mc.26.2-loader.0.19.3-launcher.1.1.2.jar

Host: AMD Ryzen 7 5800H with Radeon Graphics         , 16 cores, 31G,  Windows 11 , 64 bit Build 26100 (10.0.26100.9278)
Time: Fri Sep  4 21:30:20 2026 Malay Peninsula Standard Time elapsed time: 579.334750 seconds (0d 0h 9m 39s)

---------------  T H R E A D  ---------------

Current thread (0x000001a742313740):  VMThread "VM Thread"          [id=16992, stack(0x0000006ce9b00000,0x0000006ce9c00000) (1024K)]

Stack: [0x0000006ce9b00000,0x0000006ce9c00000]
Native frames: (J=compiled Java code, j=interpreted, Vv=VM code, C=native code)
V  [jvm.dll+0x7dcd79]  (no source info available)
V  [jvm.dll+0x7a98ad]  (no source info available)
V  [jvm.dll+0xa461e0]  (no source info available)
V  [jvm.dll+0xa48631]  (no source info available)
V  [jvm.dll+0xa48d43]  (no source info available)
V  [jvm.dll+0x312fe6]  (no source info available)
V  [jvm.dll+0x7dc245]  (no source info available)
V  [jvm.dll+0x7cf427]  (no source info available)
V  [jvm.dll+0x40dd98]  (no source info available)
V  [jvm.dll+0x416116]  (no source info available)
V  [jvm.dll+0x4024c4]  (no source info available)
V  [jvm.dll+0x4027b5]  (no source info available)
V  [jvm.dll+0x3d961f]  (no source info available)
V  [jvm.dll+0x3dc85c]  (no source info available)
V  [jvm.dll+0x427a9c]  (no source info available)
V  [jvm.dll+0x4263d0]  (no source info available)
V  [jvm.dll+0x3d8d98]  (no source info available)
V  [jvm.dll+0x425b6d]  (no source info available)
V  [jvm.dll+0xa4f1d2]  (no source info available)
V  [jvm.dll+0xa5019b]  (no source info available)
V  [jvm.dll+0xa506a6]  (no source info available)
V  [jvm.dll+0xa50b28]  (no source info available)
V  [jvm.dll+0xa50dc3]  (no source info available)
V  [jvm.dll+0x9e4749]  (no source info available)
V  [jvm.dll+0x7de858]  (no source info available)
C  [ucrtbase.dll+0x2cd30]  (no source info available)
C  [KERNEL32.DLL+0x2ccb7]  (no source info available)
C  [ntdll.dll+0xacaec]  (no source info available)

VM_Operation (0x0000006ced7fcb28): G1TryInitiateConcMark, mode: safepoint, requested by thread 0x000001a74a4a2ac0


---------------  P R O C E S S  ---------------

Threads class SMR info:
_java_thread_list=0x000001a74f82b700, length=68, elements={
0x000001a7423213e0, 0x000001a742322ba0, 0x000001a742334640, 0x000001a742336560,
0x000001a74233d660, 0x000001a74233e210, 0x000001a742ab7970, 0x000001a742abdbe0,
0x000001a742b76880, 0x000001a742b8bd50, 0x000001a7488a70a0, 0x000001a74a2e13d0,
0x000001a74a2e2370, 0x000001a74a2e69c0, 0x000001a748634730, 0x000001a7486356d0,
0x000001a748635ea0, 0x000001a74ae5e6f0, 0x000001a74ae5eec0, 0x000001a74e57f890,
0x000001a74e5817d0, 0x000001a74e580060, 0x000001a7488a97b0, 0x000001a75628e050,
0x000001a75628eff0, 0x000001a75628c110, 0x000001a75628c8e0, 0x000001a756290760,
0x000001a756290f30, 0x000001a74e754910, 0x000001a74e758f60, 0x000001a74e759f00,
0x000001a74e75d5b0, 0x000001a74ae63510, 0x000001a74ae644b0, 0x000001a74e761430,
0x000001a74e757fc0, 0x000001a74e7623d0, 0x000001a756292e70, 0x000001a756291700,
0x000001a74e5846b0, 0x000001a74dc6fb30, 0x000001a74dc73bb0, 0x000001a74dc733a0,
0x000001a74a2e2b40, 0x000001a74e762ba0, 0x000001a749d551d0, 0x000001a749d56940,
0x000001a749d578e0, 0x000001a749d57110, 0x000001a749d54230, 0x000001a749d58880,
0x000001a749d56170, 0x000001a749d5d6a0, 0x000001a749d5ced0, 0x000001a749d5a7c0,
0x000001a749d5b760, 0x000001a749d5de70, 0x000001a749d5fdb0, 0x000001a749d61cf0,
0x000001a749d5ee10, 0x000001a749d62c90, 0x000001a751ebf160, 0x000001a751ec0100,
0x000001a74a4a2ac0, 0x000001a751ecc450, 0x000001a75ba7a050, 0x000001a75ba7ee70
}

Java Threads: ( => current thread )
  0x000001a7423213e0 JavaThread "Reference Handler"          daemon [_thread_blocked, id=28368, stack(0x0000006ce9c00000,0x0000006ce9d00000) (1024K)]
  0x000001a742322ba0 JavaThread "Finalizer"                  daemon [_thread_blocked, id=26172, stack(0x0000006ce9d00000,0x0000006ce9e00000) (1024K)]
  0x000001a742334640 JavaThread "Signal Dispatcher"          daemon [_thread_blocked, id=6340, stack(0x0000006ce9e00000,0x0000006ce9f00000) (1024K)]
  0x000001a742336560 JavaThread "Attach Listener"            daemon [_thread_blocked, id=22784, stack(0x0000006ce9f00000,0x0000006cea000000) (1024K)]
  0x000001a74233d660 JavaThread "Service Thread"             daemon [_thread_blocked, id=2996, stack(0x0000006cea000000,0x0000006cea100000) (1024K)]
  0x000001a74233e210 JavaThread "Monitor Deflation Thread"   daemon [_thread_blocked, id=28980, stack(0x0000006cea100000,0x0000006cea200000) (1024K)]
  0x000001a742ab7970 JavaThread "C2 CompilerThread0"         daemon [_thread_blocked, id=6080, stack(0x0000006cea200000,0x0000006cea300000) (1024K)]
  0x000001a742abdbe0 JavaThread "C1 CompilerThread0"         daemon [_thread_blocked, id=12924, stack(0x0000006cea300000,0x0000006cea400000) (1024K)]
  0x000001a742b76880 JavaThread "Notification Thread"        daemon [_thread_blocked, id=22344, stack(0x0000006cea400000,0x0000006cea500000) (1024K)]
  0x000001a742b8bd50 JavaThread "Common-Cleaner"             daemon [_thread_blocked, id=20336, stack(0x0000006cea500000,0x0000006cea600000) (1024K)]
  0x000001a7488a70a0 JavaThread "JNA Cleaner"                daemon [_thread_blocked, id=14116, stack(0x0000006cebc00000,0x0000006cebd00000) (1024K)]
  0x000001a74a2e13d0 JavaThread "InnocuousThread-1"          daemon [_thread_blocked, id=5728, stack(0x0000006ceaa00000,0x0000006ceab00000) (1024K)]
  0x000001a74a2e2370 JavaThread "VirtualThread-unblocker"    daemon [_thread_blocked, id=10336, stack(0x0000006cea900000,0x0000006ceaa00000) (1024K)]
  0x000001a74a2e69c0 JavaThread "ForkJoinPool-3-worker-1"    daemon [_thread_blocked, id=29232, stack(0x0000006ceab00000,0x0000006ceac00000) (1024K)]
  0x000001a748634730 JavaThread "ForkJoinPool-3-worker-2"    daemon [_thread_in_native, id=13668, stack(0x0000006ceac00000,0x0000006cead00000) (1024K)]
  0x000001a7486356d0 JavaThread "ForkJoinPool-3-worker-3"    daemon [_thread_blocked, id=31748, stack(0x0000006ceb300000,0x0000006ceb400000) (1024K)]
  0x000001a748635ea0 JavaThread "SkinRestorer-MineSkin-Scheduler" daemon [_thread_blocked, id=28564, stack(0x0000006cec000000,0x0000006cec100000) (1024K)]
  0x000001a74ae5e6f0 JavaThread "Timer hack thread"          daemon [_thread_blocked, id=10988, stack(0x0000006cec300000,0x0000006cec400000) (1024K)]
  0x000001a74ae5eec0 JavaThread "Yggdrasil Key Fetcher"      daemon [_thread_blocked, id=6532, stack(0x0000006cec400000,0x0000006cec500000) (1024K)]
  0x000001a74e57f890 JavaThread "Java2D Disposer"            daemon [_thread_blocked, id=19972, stack(0x0000006cec900000,0x0000006ceca00000) (1024K)]
  0x000001a74e5817d0 JavaThread "AWT-Shutdown"                      [_thread_blocked, id=3540, stack(0x0000006ceca00000,0x0000006cecb00000) (1024K)]
  0x000001a74e580060 JavaThread "AWT-Windows"                daemon [_thread_in_native, id=26524, stack(0x0000006ceda00000,0x0000006cedb00000) (1024K)]
  0x000001a7488a97b0 JavaThread "AWT-EventQueue-0"                  [_thread_blocked, id=32356, stack(0x0000006cee200000,0x0000006cee300000) (1024K)]
  0x000001a75628e050 JavaThread "TimerQueue"                 daemon [_thread_blocked, id=9536, stack(0x0000006cee300000,0x0000006cee400000) (1024K)]
  0x000001a75628eff0 JavaThread "Server log monitor"         daemon [_thread_blocked, id=33128, stack(0x0000006cee400000,0x0000006cee500000) (1024K)]
  0x000001a75628c110 JavaThread "Server thread"                     [_thread_blocked, id=19592, stack(0x0000006cee500000,0x0000006cee600000) (1024K)]
  0x000001a75628c8e0 JavaThread "DestroyJavaVM"                     [_thread_blocked, id=14316, stack(0x0000006ce9300000,0x0000006ce9400000) (1024K)]
  0x000001a756290760 JavaThread "D3D Screen Updater"         daemon [_thread_blocked, id=26356, stack(0x0000006cee600000,0x0000006cee700000) (1024K)]
  0x000001a756290f30 JavaThread "Server console handler"     daemon [_thread_in_native, id=11808, stack(0x0000006cee700000,0x0000006cee800000) (1024K)]
  0x000001a74e754910 JavaThread "Netty NIO IO #0"            daemon [_thread_blocked, id=22568, stack(0x0000006ceec00000,0x0000006ceed00000) (1024K)]
  0x000001a74e758f60 JavaThread "RCON Listener #1"                  [_thread_blocked, id=22876, stack(0x0000006ceef00000,0x0000006cef000000) (1024K)]
  0x000001a74e759f00 JavaThread "Server Watchdog"            daemon [_thread_blocked, id=20068, stack(0x0000006cef000000,0x0000006cef100000) (1024K)]
  0x000001a74e75d5b0 JavaThread "ForkJoinPool-3-worker-4"    daemon [_thread_blocked, id=7008, stack(0x0000006ce9000000,0x0000006ce9100000) (1024K)]
  0x000001a74ae63510 JavaThread "Netty NIO IO #1"            daemon [_thread_blocked, id=7308, stack(0x0000006cec200000,0x0000006cec300000) (1024K)]
  0x000001a74ae644b0 JavaThread "Netty NIO IO #2"            daemon [_thread_blocked, id=11468, stack(0x0000006cec600000,0x0000006cec700000) (1024K)]
  0x000001a74e761430 JavaThread "Netty NIO IO #3"            daemon [_thread_blocked, id=35344, stack(0x0000006cece00000,0x0000006cecf00000) (1024K)]
  0x000001a74e757fc0 JavaThread "Netty NIO IO #4"            daemon [_thread_blocked, id=35368, stack(0x0000006cec700000,0x0000006cec800000) (1024K)]
  0x000001a74e7623d0 JavaThread "SkinRestorer-Fetch-1"       daemon [_thread_blocked, id=35400, stack(0x0000006cecf00000,0x0000006ced000000) (1024K)]
  0x000001a756292e70 JavaThread "HttpClient-1-Worker-0"      daemon [_thread_blocked, id=35424, stack(0x0000006ced300000,0x0000006ced400000) (1024K)]
  0x000001a756291700 JavaThread "HttpClient-1-Worker-1"      daemon [_thread_blocked, id=35432, stack(0x0000006ced400000,0x0000006ced500000) (1024K)]
  0x000001a74e5846b0 JavaThread "Netty NIO IO #5"            daemon [_thread_blocked, id=35472, stack(0x0000006ced500000,0x0000006ced600000) (1024K)]
  0x000001a74dc6fb30 JavaThread "C1 CompilerThread1"         daemon [_thread_blocked, id=35556, stack(0x0000006ced000000,0x0000006ced100000) (1024K)]
  0x000001a74dc73bb0 JavaThread "C1 CompilerThread2"         daemon [_thread_blocked, id=35564, stack(0x0000006ced100000,0x0000006ced200000) (1024K)]
  0x000001a74dc733a0 JavaThread "C1 CompilerThread3"         daemon [_thread_blocked, id=35568, stack(0x0000006ced600000,0x0000006ced700000) (1024K)]
  0x000001a74a2e2b40 JavaThread "Worker-Main-16"             daemon [_thread_blocked, id=35592, stack(0x0000006cedb00000,0x0000006cedc00000) (1024K)]
  0x000001a74e762ba0 JavaThread "Worker-Main-17"             daemon [_thread_blocked, id=35596, stack(0x0000006cedc00000,0x0000006cedd00000) (1024K)]
  0x000001a749d551d0 JavaThread "Worker-Main-18"             daemon [_thread_blocked, id=35600, stack(0x0000006cedd00000,0x0000006cede00000) (1024K)]
  0x000001a749d56940 JavaThread "Worker-Main-19"             daemon [_thread_blocked, id=35604, stack(0x0000006cede00000,0x0000006cedf00000) (1024K)]
  0x000001a749d578e0 JavaThread "Worker-Main-20"             daemon [_thread_blocked, id=35608, stack(0x0000006cedf00000,0x0000006cee000000) (1024K)]
  0x000001a749d57110 JavaThread "Worker-Main-21"             daemon [_thread_blocked, id=35612, stack(0x0000006cee000000,0x0000006cee100000) (1024K)]
  0x000001a749d54230 JavaThread "Worker-Main-23"             daemon [_thread_blocked, id=35616, stack(0x0000006ceea00000,0x0000006ceeb00000) (1024K)]
  0x000001a749d58880 JavaThread "Worker-Main-22"             daemon [_thread_blocked, id=35620, stack(0x0000006ceeb00000,0x0000006ceec00000) (1024K)]
  0x000001a749d56170 JavaThread "Worker-Main-24"             daemon [_thread_blocked, id=35624, stack(0x0000006ceed00000,0x0000006ceee00000) (1024K)]
  0x000001a749d5d6a0 JavaThread "Worker-Main-25"             daemon [_thread_blocked, id=35628, stack(0x0000006ceee00000,0x0000006ceef00000) (1024K)]
  0x000001a749d5ced0 JavaThread "Worker-Main-26"             daemon [_thread_blocked, id=35632, stack(0x0000006cef100000,0x0000006cef200000) (1024K)]
  0x000001a749d5a7c0 JavaThread "Worker-Main-27"             daemon [_thread_blocked, id=35636, stack(0x0000006cef200000,0x0000006cef300000) (1024K)]
  0x000001a749d5b760 JavaThread "Worker-Main-28"             daemon [_thread_blocked, id=35640, stack(0x0000006cef300000,0x0000006cef400000) (1024K)]
  0x000001a749d5de70 JavaThread "Worker-Main-29"             daemon [_thread_blocked, id=35644, stack(0x0000006cef400000,0x0000006cef500000) (1024K)]
  0x000001a749d5fdb0 JavaThread "Worker-Main-30"             daemon [_thread_blocked, id=35648, stack(0x0000006cef500000,0x0000006cef600000) (1024K)]
  0x000001a749d61cf0 JavaThread "IO-Worker-9"                       [_thread_blocked, id=35660, stack(0x0000006cef600000,0x0000006cef700000) (1024K)]
  0x000001a749d5ee10 JavaThread "IO-Worker-10"                      [_thread_blocked, id=35664, stack(0x0000006cef700000,0x0000006cef800000) (1024K)]
  0x000001a749d62c90 JavaThread "SkinRestorer-Fetch-2"       daemon [_thread_blocked, id=35668, stack(0x0000006cef800000,0x0000006cef900000) (1024K)]
  0x000001a751ebf160 JavaThread "IO-Worker-11"                      [_thread_blocked, id=35672, stack(0x0000006cef900000,0x0000006cefa00000) (1024K)]
  0x000001a751ec0100 JavaThread "IO-Worker-12"                      [_thread_blocked, id=35676, stack(0x0000006cefa00000,0x0000006cefb00000) (1024K)]
  0x000001a74a4a2ac0 JavaThread "C2 CompilerThread1"         daemon [_thread_blocked, id=35716, stack(0x0000006ced700000,0x0000006ced800000) (1024K)]
  0x000001a751ecc450 JavaThread "IO-Worker-13"                      [_thread_blocked, id=35552, stack(0x0000006ceff00000,0x0000006cf0000000) (1024K)]
  0x000001a75ba7a050 JavaThread "IO-Worker-14"                      [_thread_blocked, id=28976, stack(0x0000006ce9100000,0x0000006ce9200000) (1024K)]
  0x000001a75ba7ee70 JavaThread "SkinRestorer-Fetch-3"       daemon [_thread_blocked, id=29308, stack(0x0000006ce9200000,0x0000006ce9300000) (1024K)]
Total: 68

Other Threads:
=>0x000001a742313740 VMThread "VM Thread"                           [id=16992, stack(0x0000006ce9b00000,0x0000006ce9c00000) (1024K)]
  0x000001a7421d2190 WatcherThread "VM Periodic Task Thread"        [id=23252, stack(0x0000006ce9a00000,0x0000006ce9b00000) (1024K)]
  0x000001a716bb8cb0 WorkerThread "GC Thread#0"                     [id=22336, stack(0x0000006ce9400000,0x0000006ce9500000) (1024K)]
  0x000001a749dd61c0 WorkerThread "GC Thread#1"                     [id=22900, stack(0x0000006cead00000,0x0000006ceae00000) (1024K)]
  0x000001a749dd5920 WorkerThread "GC Thread#2"                     [id=7760, stack(0x0000006ceae00000,0x0000006ceaf00000) (1024K)]
  0x000001a749dd7750 WorkerThread "GC Thread#3"                     [id=30544, stack(0x0000006ceaf00000,0x0000006ceb000000) (1024K)]
  0x000001a749dd6610 WorkerThread "GC Thread#4"                     [id=15020, stack(0x0000006ceb000000,0x0000006ceb100000) (1024K)]
  0x000001a749dd5080 WorkerThread "GC Thread#5"                     [id=30216, stack(0x0000006ceb100000,0x0000006ceb200000) (1024K)]
  0x000001a749dd6a60 WorkerThread "GC Thread#6"                     [id=27100, stack(0x0000006ceb200000,0x0000006ceb300000) (1024K)]
  0x000001a749dd54d0 WorkerThread "GC Thread#7"                     [id=32616, stack(0x0000006ceb400000,0x0000006ceb500000) (1024K)]
  0x000001a749dd6eb0 WorkerThread "GC Thread#8"                     [id=28264, stack(0x0000006ceb500000,0x0000006ceb600000) (1024K)]
  0x000001a749dd9580 WorkerThread "GC Thread#9"                     [id=31336, stack(0x0000006ceb600000,0x0000006ceb700000) (1024K)]
  0x000001a749dd7ba0 WorkerThread "GC Thread#10"                    [id=13480, stack(0x0000006ceb700000,0x0000006ceb800000) (1024K)]
  0x000001a749dd99d0 WorkerThread "GC Thread#11"                    [id=24532, stack(0x0000006ceb800000,0x0000006ceb900000) (1024K)]
  0x000001a749dd5d70 WorkerThread "GC Thread#12"                    [id=30460, stack(0x0000006ceb900000,0x0000006ceba00000) (1024K)]
  0x000001a716bc3bc0 ConcurrentGCThread "G1 Main Marker"            [id=33456, stack(0x0000006ce9500000,0x0000006ce9600000) (1024K)]
  0x000001a716bc4740 WorkerThread "G1 Conc#0"                       [id=14324, stack(0x0000006ce9600000,0x0000006ce9700000) (1024K)]
  0x000001a749dda6c0 WorkerThread "G1 Conc#1"                       [id=25476, stack(0x0000006ceba00000,0x0000006cebb00000) (1024K)]
  0x000001a749dd9e20 WorkerThread "G1 Conc#2"                       [id=5100, stack(0x0000006cebb00000,0x0000006cebc00000) (1024K)]
  0x000001a7421c76e0 WorkerThread "G1 Refinement Workers#0"         [id=17456, stack(0x0000006ce9800000,0x0000006ce9900000) (1024K)]
  0x000001a7421c5d10 ConcurrentGCThread "G1 Refine Control"         [id=15340, stack(0x0000006ce9700000,0x0000006ce9800000) (1024K)]
  0x000001a7421c90a0 ConcurrentGCThread "G1 Service"                [id=20368, stack(0x0000006ce9900000,0x0000006ce9a00000) (1024K)]
Total: 22

Threads with active compile tasks:
C2 CompilerThread1  579521 26954       4       net.minecraft.server.level.ChunkMap$TrackedEntity::removePlayer (54 bytes)
Total: 1

VM state: at safepoint (normal execution)

VM Mutex/Monitor currently owned by a thread:  ([mutex/lock_event])
[0x00007ff9827e1b88] Threads_lock - owner thread: 0x000001a742313740
[0x00007ff9827e1e08] Heap_lock - owner thread: 0x000001a74a4a2ac0

Heap address: 0x0000000500000000, size: 12288 MB, Compressed Oops mode: Zero based, Oop shift amount: 3

CDS archive(s) mapped at: [0x0000000038000000-0x0000000038de0000-0x0000000038de0000), size 14548992, SharedBaseAddress: 0x0000000038000000, ArchiveRelocationMode: 1.
Compressed class space mapped at: 0x0000000039000000-0x0000000079000000, reserved size: 1073741824
UseCompressedClassPointers 1, UseCompactObjectHeaders 0
Narrow klass pointer bits 32, Max shift 3
Narrow klass base: 0x0000000038000000, Narrow klass shift: 0
Encoding Range: [0x0000000038000000 - 0x0000000138000000), (4294967296 bytes)
Klass Range:    [0x0000000038000000 - 0x0000000079000000), (1090519040 bytes)
Klass ID Range:  [8 - 1090519033) (1090519025)
Protection zone: [0x0000000038000000 - 0x0000000038010000), (65536 bytes)

GC Precious Log:
 CardTable entry size: 512
 Card Set container configuration: InlinePtr #cards 3 size 8 Array Of Cards #cards 128 size 272 Howl #buckets 8 coarsen threshold 29491 Howl Bitmap #cards 4096 size 528 coarsen threshold 3686 Card regions per heap region 1 cards per card region 32768
 CPUs: 16 total, 16 available
 Memory: 32108M
 Large Page Support: Disabled
 NUMA Support: Disabled
 Compressed Oops: Enabled (Zero based)
 Heap Region Size: 16M
 Heap Min Capacity: 8G
 Heap Initial Capacity: 8G
 Heap Max Capacity: 12G
 Pre-touch: Disabled
 Parallel Workers: 13
 Concurrent Workers: 3
 Concurrent Refinement Workers: 13
 Periodic GC: Disabled

Heap:
 garbage-first heap   total reserved 12582912K, committed 8404992K, used 310239K [0x0000000500000000, 0x0000000800000000)
  region size 16M, 0 eden (0M), 7 survivor (112M), 11 old (176M), 1 humongous (16M), 494 free (7904M)

Heap Regions: E=young(eden), S=young(survivor), O=old, HS=humongous(starts), HC=humongous(continues), CS=collection set, F=free, TAMS=top-at-mark-start, PB=parsable bottom
|    0|0x0000000500000000, 0x0000000501000000, 0x0000000501000000|100%|HS|  |TAMS 0x0000000501000000| PB 0x0000000500000000| Complete  |  0
|    1|0x0000000501000000, 0x0000000502000000, 0x0000000502000000|100%| O|  |TAMS 0x0000000502000000| PB 0x0000000501000000| Untracked |  0
|    2|0x0000000502000000, 0x0000000503000000, 0x0000000503000000|100%| O|  |TAMS 0x0000000503000000| PB 0x0000000502000000| Untracked |  0
|    3|0x0000000503000000, 0x0000000504000000, 0x0000000504000000|100%| O|  |TAMS 0x0000000504000000| PB 0x0000000503000000| Untracked |  0
|    4|0x0000000504000000, 0x0000000505000000, 0x0000000505000000|100%| O|  |TAMS 0x0000000505000000| PB 0x0000000504000000| Untracked |  0
|    5|0x0000000505000000, 0x0000000506000000, 0x0000000506000000|100%| O|  |TAMS 0x0000000506000000| PB 0x0000000505000000| Untracked |  0
|    6|0x0000000506000000, 0x0000000507000000, 0x0000000507000000|100%| O|  |TAMS 0x0000000506000000| PB 0x0000000506000000| Untracked |  0
|    7|0x0000000507000000, 0x0000000508000000, 0x0000000508000000|100%| O|  |TAMS 0x0000000507000000| PB 0x0000000507000000| Untracked |  0
|    8|0x0000000508000000, 0x0000000509000000, 0x0000000509000000|100%| O|  |TAMS 0x0000000508000000| PB 0x0000000508000000| Untracked |  0
|    9|0x0000000509000000, 0x0000000509ef7d80, 0x000000050a000000| 93%| O|  |TAMS 0x0000000509000000| PB 0x0000000509000000| Untracked |  0
|   10|0x000000050a000000, 0x000000050a000000, 0x000000050b000000|  0%| F|  |TAMS 0x000000050a000000| PB 0x000000050a000000| Untracked |  0
|   11|0x000000050b000000, 0x000000050b000000, 0x000000050c000000|  0%| F|  |TAMS 0x000000050b000000| PB 0x000000050b000000| Untracked |  0
|   12|0x000000050c000000, 0x000000050c000000, 0x000000050d000000|  0%| F|  |TAMS 0x000000050c000000| PB 0x000000050c000000| Untracked |  0
|   13|0x000000050d000000, 0x000000050d000000, 0x000000050e000000|  0%| F|  |TAMS 0x000000050d000000| PB 0x000000050d000000| Untracked |  0
|   14|0x000000050e000000, 0x000000050e000000, 0x000000050f000000|  0%| F|  |TAMS 0x000000050e000000| PB 0x000000050e000000| Untracked |  0
|   15|0x000000050f000000, 0x000000050f000000, 0x0000000510000000|  0%| F|  |TAMS 0x000000050f000000| PB 0x000000050f000000| Untracked |  0
|   16|0x0000000510000000, 0x0000000510000000, 0x0000000511000000|  0%| F|  |TAMS 0x0000000510000000| PB 0x0000000510000000| Untracked |  0
|   17|0x0000000511000000, 0x0000000511000000, 0x0000000512000000|  0%| F|  |TAMS 0x0000000511000000| PB 0x0000000511000000| Untracked |  0
|   18|0x0000000512000000, 0x0000000512000000, 0x0000000513000000|  0%| F|  |TAMS 0x0000000512000000| PB 0x0000000512000000| Untracked |  0
|   19|0x0000000513000000, 0x0000000513000000, 0x0000000514000000|  0%| F|  |TAMS 0x0000000513000000| PB 0x0000000513000000| Untracked |  0
|   20|0x0000000514000000, 0x0000000514000000, 0x0000000515000000|  0%| F|  |TAMS 0x0000000514000000| PB 0x0000000514000000| Untracked |  0
|   21|0x0000000515000000, 0x0000000515000000, 0x0000000516000000|  0%| F|  |TAMS 0x0000000515000000| PB 0x0000000515000000| Untracked |  0
|   22|0x0000000516000000, 0x0000000516000000, 0x0000000517000000|  0%| F|  |TAMS 0x0000000516000000| PB 0x0000000516000000| Untracked |  0
|   23|0x0000000517000000, 0x0000000517000000, 0x0000000518000000|  0%| F|  |TAMS 0x0000000517000000| PB 0x0000000517000000| Untracked |  0
|   24|0x0000000518000000, 0x0000000518000000, 0x0000000519000000|  0%| F|  |TAMS 0x0000000518000000| PB 0x0000000518000000| Untracked |  0
|   25|0x0000000519000000, 0x0000000519000000, 0x000000051a000000|  0%| F|  |TAMS 0x0000000519000000| PB 0x0000000519000000| Untracked |  0
|   26|0x000000051a000000, 0x000000051a000000, 0x000000051b000000|  0%| F|  |TAMS 0x000000051a000000| PB 0x000000051a000000| Untracked |  0
|   27|0x000000051b000000, 0x000000051b000000, 0x000000051c000000|  0%| F|  |TAMS 0x000000051b000000| PB 0x000000051b000000| Untracked |  0
|   28|0x000000051c000000, 0x000000051c000000, 0x000000051d000000|  0%| F|  |TAMS 0x000000051c000000| PB 0x000000051c000000| Untracked |  0
|   29|0x000000051d000000, 0x000000051d000000, 0x000000051e000000|  0%| F|  |TAMS 0x000000051d000000| PB 0x000000051d000000| Untracked |  0
|   30|0x000000051e000000, 0x000000051e000000, 0x000000051f000000|  0%| F|  |TAMS 0x000000051e000000| PB 0x000000051e000000| Untracked |  0
|   31|0x000000051f000000, 0x000000051f000000, 0x0000000520000000|  0%| F|  |TAMS 0x000000051f000000| PB 0x000000051f000000| Untracked |  0
|   32|0x0000000520000000, 0x0000000520000000, 0x0000000521000000|  0%| F|  |TAMS 0x0000000520000000| PB 0x0000000520000000| Untracked |  0
|   33|0x0000000521000000, 0x0000000521000000, 0x0000000522000000|  0%| F|  |TAMS 0x0000000521000000| PB 0x0000000521000000| Untracked |  0
|   34|0x0000000522000000, 0x0000000522000000, 0x0000000523000000|  0%| F|  |TAMS 0x0000000522000000| PB 0x0000000522000000| Untracked |  0
|   35|0x0000000523000000, 0x0000000523000000, 0x0000000524000000|  0%| F|  |TAMS 0x0000000523000000| PB 0x0000000523000000| Untracked |  0
|   36|0x0000000524000000, 0x0000000524000000, 0x0000000525000000|  0%| F|  |TAMS 0x0000000524000000| PB 0x0000000524000000| Untracked |  0
|   37|0x0000000525000000, 0x0000000525000000, 0x0000000526000000|  0%| F|  |TAMS 0x0000000525000000| PB 0x0000000525000000| Untracked |  0
|   38|0x0000000526000000, 0x0000000526000000, 0x0000000527000000|  0%| F|  |TAMS 0x0000000526000000| PB 0x0000000526000000| Untracked |  0
|   39|0x0000000527000000, 0x0000000527000000, 0x0000000528000000|  0%| F|  |TAMS 0x0000000527000000| PB 0x0000000527000000| Untracked |  0
|   40|0x0000000528000000, 0x0000000528000000, 0x0000000529000000|  0%| F|  |TAMS 0x0000000528000000| PB 0x0000000528000000| Untracked |  0
|   41|0x0000000529000000, 0x0000000529000000, 0x000000052a000000|  0%| F|  |TAMS 0x0000000529000000| PB 0x0000000529000000| Untracked |  0
|   42|0x000000052a000000, 0x000000052a000000, 0x000000052b000000|  0%| F|  |TAMS 0x000000052a000000| PB 0x000000052a000000| Untracked |  0
|   43|0x000000052b000000, 0x000000052b000000, 0x000000052c000000|  0%| F|  |TAMS 0x000000052b000000| PB 0x000000052b000000| Untracked |  0
|   44|0x000000052c000000, 0x000000052c000000, 0x000000052d000000|  0%| F|  |TAMS 0x000000052c000000| PB 0x000000052c000000| Untracked |  0
|   45|0x000000052d000000, 0x000000052d000000, 0x000000052e000000|  0%| F|  |TAMS 0x000000052d000000| PB 0x000000052d000000| Untracked |  0
|   46|0x000000052e000000, 0x000000052e000000, 0x000000052f000000|  0%| F|  |TAMS 0x000000052e000000| PB 0x000000052e000000| Untracked |  0
|   47|0x000000052f000000, 0x000000052f000000, 0x0000000530000000|  0%| F|  |TAMS 0x000000052f000000| PB 0x000000052f000000| Untracked |  0
|   48|0x0000000530000000, 0x0000000530000000, 0x0000000531000000|  0%| F|  |TAMS 0x0000000530000000| PB 0x0000000530000000| Untracked |  0
|   49|0x0000000531000000, 0x0000000531000000, 0x0000000532000000|  0%| F|  |TAMS 0x0000000531000000| PB 0x0000000531000000| Untracked |  0
|   50|0x0000000532000000, 0x0000000532000000, 0x0000000533000000|  0%| F|  |TAMS 0x0000000532000000| PB 0x0000000532000000| Untracked |  0
|   51|0x0000000533000000, 0x0000000533000000, 0x0000000534000000|  0%| F|  |TAMS 0x0000000533000000| PB 0x0000000533000000| Untracked |  0
|   52|0x0000000534000000, 0x0000000534000000, 0x0000000535000000|  0%| F|  |TAMS 0x0000000534000000| PB 0x0000000534000000| Untracked |  0
|   53|0x0000000535000000, 0x0000000535000000, 0x0000000536000000|  0%| F|  |TAMS 0x0000000535000000| PB 0x0000000535000000| Untracked |  0
|   54|0x0000000536000000, 0x0000000536000000, 0x0000000537000000|  0%| F|  |TAMS 0x0000000536000000| PB 0x0000000536000000| Untracked |  0
|   55|0x0000000537000000, 0x0000000537000000, 0x0000000538000000|  0%| F|  |TAMS 0x0000000537000000| PB 0x0000000537000000| Untracked |  0
|   56|0x0000000538000000, 0x0000000538000000, 0x0000000539000000|  0%| F|  |TAMS 0x0000000538000000| PB 0x0000000538000000| Untracked |  0
|   57|0x0000000539000000, 0x0000000539000000, 0x000000053a000000|  0%| F|  |TAMS 0x0000000539000000| PB 0x0000000539000000| Untracked |  0
|   58|0x000000053a000000, 0x000000053a000000, 0x000000053b000000|  0%| F|  |TAMS 0x000000053a000000| PB 0x000000053a000000| Untracked |  0
|   59|0x000000053b000000, 0x000000053b000000, 0x000000053c000000|  0%| F|  |TAMS 0x000000053b000000| PB 0x000000053b000000| Untracked |  0
|   60|0x000000053c000000, 0x000000053c000000, 0x000000053d000000|  0%| F|  |TAMS 0x000000053c000000| PB 0x000000053c000000| Untracked |  0
|   61|0x000000053d000000, 0x000000053d000000, 0x000000053e000000|  0%| F|  |TAMS 0x000000053d000000| PB 0x000000053d000000| Untracked |  0
|   62|0x000000053e000000, 0x000000053e000000, 0x000000053f000000|  0%| F|  |TAMS 0x000000053e000000| PB 0x000000053e000000| Untracked |  0
|   63|0x000000053f000000, 0x000000053f000000, 0x0000000540000000|  0%| F|  |TAMS 0x000000053f000000| PB 0x000000053f000000| Untracked |  0
|   64|0x0000000540000000, 0x0000000540000000, 0x0000000541000000|  0%| F|  |TAMS 0x0000000540000000| PB 0x0000000540000000| Untracked |  0
|   65|0x0000000541000000, 0x0000000541000000, 0x0000000542000000|  0%| F|  |TAMS 0x0000000541000000| PB 0x0000000541000000| Untracked |  0
|   66|0x0000000542000000, 0x0000000542000000, 0x0000000543000000|  0%| F|  |TAMS 0x0000000542000000| PB 0x0000000542000000| Untracked |  0
|   67|0x0000000543000000, 0x0000000543000000, 0x0000000544000000|  0%| F|  |TAMS 0x0000000543000000| PB 0x0000000543000000| Untracked |  0
|   68|0x0000000544000000, 0x0000000544000000, 0x0000000545000000|  0%| F|  |TAMS 0x0000000544000000| PB 0x0000000544000000| Untracked |  0
|   69|0x0000000545000000, 0x0000000545000000, 0x0000000546000000|  0%| F|  |TAMS 0x0000000545000000| PB 0x0000000545000000| Untracked |  0
|   70|0x0000000546000000, 0x0000000546000000, 0x0000000547000000|  0%| F|  |TAMS 0x0000000546000000| PB 0x0000000546000000| Untracked |  0
|   71|0x0000000547000000, 0x0000000547000000, 0x0000000548000000|  0%| F|  |TAMS 0x0000000547000000| PB 0x0000000547000000| Untracked |  0
|   72|0x0000000548000000, 0x0000000548000000, 0x0000000549000000|  0%| F|  |TAMS 0x0000000548000000| PB 0x0000000548000000| Untracked |  0
|   73|0x0000000549000000, 0x0000000549000000, 0x000000054a000000|  0%| F|  |TAMS 0x0000000549000000| PB 0x0000000549000000| Untracked |  0
|   74|0x000000054a000000, 0x000000054a000000, 0x000000054b000000|  0%| F|  |TAMS 0x000000054a000000| PB 0x000000054a000000| Untracked |  0
|   75|0x000000054b000000, 0x000000054b000000, 0x000000054c000000|  0%| F|  |TAMS 0x000000054b000000| PB 0x000000054b000000| Untracked |  0
|   76|0x000000054c000000, 0x000000054c000000, 0x000000054d000000|  0%| F|  |TAMS 0x000000054c000000| PB 0x000000054c000000| Untracked |  0
|   77|0x000000054d000000, 0x000000054d000000, 0x000000054e000000|  0%| F|  |TAMS 0x000000054d000000| PB 0x000000054d000000| Untracked |  0
|   78|0x000000054e000000, 0x000000054e000000, 0x000000054f000000|  0%| F|  |TAMS 0x000000054e000000| PB 0x000000054e000000| Untracked |  0
|   79|0x000000054f000000, 0x000000054f000000, 0x0000000550000000|  0%| F|  |TAMS 0x000000054f000000| PB 0x000000054f000000| Untracked |  0
|   80|0x0000000550000000, 0x0000000550000000, 0x0000000551000000|  0%| F|  |TAMS 0x0000000550000000| PB 0x0000000550000000| Untracked |  0
|   81|0x0000000551000000, 0x0000000551000000, 0x0000000552000000|  0%| F|  |TAMS 0x0000000551000000| PB 0x0000000551000000| Untracked |  0
|   82|0x0000000552000000, 0x0000000552000000, 0x0000000553000000|  0%| F|  |TAMS 0x0000000552000000| PB 0x0000000552000000| Untracked |  0
|   83|0x0000000553000000, 0x0000000553000000, 0x0000000554000000|  0%| F|  |TAMS 0x0000000553000000| PB 0x0000000553000000| Untracked |  0
|   84|0x0000000554000000, 0x0000000554000000, 0x0000000555000000|  0%| F|  |TAMS 0x0000000554000000| PB 0x0000000554000000| Untracked |  0
|   85|0x0000000555000000, 0x0000000555000000, 0x0000000556000000|  0%| F|  |TAMS 0x0000000555000000| PB 0x0000000555000000| Untracked |  0
|   86|0x0000000556000000, 0x0000000556000000, 0x0000000557000000|  0%| F|  |TAMS 0x0000000556000000| PB 0x0000000556000000| Untracked |  0
|   87|0x0000000557000000, 0x0000000557000000, 0x0000000558000000|  0%| F|  |TAMS 0x0000000557000000| PB 0x0000000557000000| Untracked |  0
|   88|0x0000000558000000, 0x0000000558000000, 0x0000000559000000|  0%| F|  |TAMS 0x0000000558000000| PB 0x0000000558000000| Untracked |  0
|   89|0x0000000559000000, 0x0000000559000000, 0x000000055a000000|  0%| F|  |TAMS 0x0000000559000000| PB 0x0000000559000000| Untracked |  0
|   90|0x000000055a000000, 0x000000055a000000, 0x000000055b000000|  0%| F|  |TAMS 0x000000055a000000| PB 0x000000055a000000| Untracked |  0
|   91|0x000000055b000000, 0x000000055b000000, 0x000000055c000000|  0%| F|  |TAMS 0x000000055b000000| PB 0x000000055b000000| Untracked |  0
|   92|0x000000055c000000, 0x000000055c000000, 0x000000055d000000|  0%| F|  |TAMS 0x000000055c000000| PB 0x000000055c000000| Untracked |  0
|   93|0x000000055d000000, 0x000000055d000000, 0x000000055e000000|  0%| F|  |TAMS 0x000000055d000000| PB 0x000000055d000000| Untracked |  0
|   94|0x000000055e000000, 0x000000055e000000, 0x000000055f000000|  0%| F|  |TAMS 0x000000055e000000| PB 0x000000055e000000| Untracked |  0
|   95|0x000000055f000000, 0x000000055f000000, 0x0000000560000000|  0%| F|  |TAMS 0x000000055f000000| PB 0x000000055f000000| Untracked |  0
|   96|0x0000000560000000, 0x0000000560000000, 0x0000000561000000|  0%| F|  |TAMS 0x0000000560000000| PB 0x0000000560000000| Untracked |  0
|   97|0x0000000561000000, 0x0000000561000000, 0x0000000562000000|  0%| F|  |TAMS 0x0000000561000000| PB 0x0000000561000000| Untracked |  0
|   98|0x0000000562000000, 0x0000000562000000, 0x0000000563000000|  0%| F|  |TAMS 0x0000000562000000| PB 0x0000000562000000| Untracked |  0
|   99|0x0000000563000000, 0x0000000563000000, 0x0000000564000000|  0%| F|  |TAMS 0x0000000563000000| PB 0x0000000563000000| Untracked |  0
|  100|0x0000000564000000, 0x0000000564000000, 0x0000000565000000|  0%| F|  |TAMS 0x0000000564000000| PB 0x0000000564000000| Untracked |  0
|  101|0x0000000565000000, 0x0000000565000000, 0x0000000566000000|  0%| F|  |TAMS 0x0000000565000000| PB 0x0000000565000000| Untracked |  0
|  102|0x0000000566000000, 0x0000000566000000, 0x0000000567000000|  0%| F|  |TAMS 0x0000000566000000| PB 0x0000000566000000| Untracked |  0
|  103|0x0000000567000000, 0x0000000567000000, 0x0000000568000000|  0%| F|  |TAMS 0x0000000567000000| PB 0x0000000567000000| Untracked |  0
|  104|0x0000000568000000, 0x0000000568000000, 0x0000000569000000|  0%| F|  |TAMS 0x0000000568000000| PB 0x0000000568000000| Untracked |  0
|  105|0x0000000569000000, 0x0000000569000000, 0x000000056a000000|  0%| F|  |TAMS 0x0000000569000000| PB 0x0000000569000000| Untracked |  0
|  106|0x000000056a000000, 0x000000056a000000, 0x000000056b000000|  0%| F|  |TAMS 0x000000056a000000| PB 0x000000056a000000| Untracked |  0
|  107|0x000000056b000000, 0x000000056b000000, 0x000000056c000000|  0%| F|  |TAMS 0x000000056b000000| PB 0x000000056b000000| Untracked |  0
|  108|0x000000056c000000, 0x000000056c000000, 0x000000056d000000|  0%| F|  |TAMS 0x000000056c000000| PB 0x000000056c000000| Untracked |  0
|  109|0x000000056d000000, 0x000000056d000000, 0x000000056e000000|  0%| F|  |TAMS 0x000000056d000000| PB 0x000000056d000000| Untracked |  0
|  110|0x000000056e000000, 0x000000056e000000, 0x000000056f000000|  0%| F|  |TAMS 0x000000056e000000| PB 0x000000056e000000| Untracked |  0
|  111|0x000000056f000000, 0x000000056f000000, 0x0000000570000000|  0%| F|  |TAMS 0x000000056f000000| PB 0x000000056f000000| Untracked |  0
|  112|0x0000000570000000, 0x0000000570000000, 0x0000000571000000|  0%| F|  |TAMS 0x0000000570000000| PB 0x0000000570000000| Untracked |  0
|  113|0x0000000571000000, 0x0000000571000000, 0x0000000572000000|  0%| F|  |TAMS 0x0000000571000000| PB 0x0000000571000000| Untracked |  0
|  114|0x0000000572000000, 0x0000000572000000, 0x0000000573000000|  0%| F|  |TAMS 0x0000000572000000| PB 0x0000000572000000| Untracked |  0
|  115|0x0000000573000000, 0x0000000573000000, 0x0000000574000000|  0%| F|  |TAMS 0x0000000573000000| PB 0x0000000573000000| Untracked |  0
|  116|0x0000000574000000, 0x0000000574000000, 0x0000000575000000|  0%| F|  |TAMS 0x0000000574000000| PB 0x0000000574000000| Untracked |  0
|  117|0x0000000575000000, 0x0000000575000000, 0x0000000576000000|  0%| F|  |TAMS 0x0000000575000000| PB 0x0000000575000000| Untracked |  0
|  118|0x0000000576000000, 0x0000000576000000, 0x0000000577000000|  0%| F|  |TAMS 0x0000000576000000| PB 0x0000000576000000| Untracked |  0
|  119|0x0000000577000000, 0x0000000577000000, 0x0000000578000000|  0%| F|  |TAMS 0x0000000577000000| PB 0x0000000577000000| Untracked |  0
|  120|0x0000000578000000, 0x0000000578000000, 0x0000000579000000|  0%| F|  |TAMS 0x0000000578000000| PB 0x0000000578000000| Untracked |  0
|  121|0x0000000579000000, 0x0000000579000000, 0x000000057a000000|  0%| F|  |TAMS 0x0000000579000000| PB 0x0000000579000000| Untracked |  0
|  122|0x000000057a000000, 0x000000057a000000, 0x000000057b000000|  0%| F|  |TAMS 0x000000057a000000| PB 0x000000057a000000| Untracked |  0
|  123|0x000000057b000000, 0x000000057b000000, 0x000000057c000000|  0%| F|  |TAMS 0x000000057b000000| PB 0x000000057b000000| Untracked |  0
|  124|0x000000057c000000, 0x000000057c000000, 0x000000057d000000|  0%| F|  |TAMS 0x000000057c000000| PB 0x000000057c000000| Untracked |  0
|  125|0x000000057d000000, 0x000000057d000000, 0x000000057e000000|  0%| F|  |TAMS 0x000000057d000000| PB 0x000000057d000000| Untracked |  0
|  126|0x000000057e000000, 0x000000057e000000, 0x000000057f000000|  0%| F|  |TAMS 0x000000057e000000| PB 0x000000057e000000| Untracked |  0
|  127|0x000000057f000000, 0x000000057f000000, 0x0000000580000000|  0%| F|  |TAMS 0x000000057f000000| PB 0x000000057f000000| Untracked |  0
|  128|0x0000000580000000, 0x0000000580000000, 0x0000000581000000|  0%| F|  |TAMS 0x0000000580000000| PB 0x0000000580000000| Untracked |  0
|  129|0x0000000581000000, 0x0000000581000000, 0x0000000582000000|  0%| F|  |TAMS 0x0000000581000000| PB 0x0000000581000000| Untracked |  0
|  130|0x0000000582000000, 0x0000000582000000, 0x0000000583000000|  0%| F|  |TAMS 0x0000000582000000| PB 0x0000000582000000| Untracked |  0
|  131|0x0000000583000000, 0x0000000583000000, 0x0000000584000000|  0%| F|  |TAMS 0x0000000583000000| PB 0x0000000583000000| Untracked |  0
|  132|0x0000000584000000, 0x0000000584000000, 0x0000000585000000|  0%| F|  |TAMS 0x0000000584000000| PB 0x0000000584000000| Untracked |  0
|  133|0x0000000585000000, 0x0000000585000000, 0x0000000586000000|  0%| F|  |TAMS 0x0000000585000000| PB 0x0000000585000000| Untracked |  0
|  134|0x0000000586000000, 0x0000000586000000, 0x0000000587000000|  0%| F|  |TAMS 0x0000000586000000| PB 0x0000000586000000| Untracked |  0
|  135|0x0000000587000000, 0x0000000587000000, 0x0000000588000000|  0%| F|  |TAMS 0x0000000587000000| PB 0x0000000587000000| Untracked |  0
|  136|0x0000000588000000, 0x0000000588000000, 0x0000000589000000|  0%| F|  |TAMS 0x0000000588000000| PB 0x0000000588000000| Untracked |  0
|  137|0x0000000589000000, 0x0000000589000000, 0x000000058a000000|  0%| F|  |TAMS 0x0000000589000000| PB 0x0000000589000000| Untracked |  0
|  138|0x000000058a000000, 0x000000058a000000, 0x000000058b000000|  0%| F|  |TAMS 0x000000058a000000| PB 0x000000058a000000| Untracked |  0
|  139|0x000000058b000000, 0x000000058b000000, 0x000000058c000000|  0%| F|  |TAMS 0x000000058b000000| PB 0x000000058b000000| Untracked |  0
|  140|0x000000058c000000, 0x000000058c000000, 0x000000058d000000|  0%| F|  |TAMS 0x000000058c000000| PB 0x000000058c000000| Untracked |  0
|  141|0x000000058d000000, 0x000000058d000000, 0x000000058e000000|  0%| F|  |TAMS 0x000000058d000000| PB 0x000000058d000000| Untracked |  0
|  142|0x000000058e000000, 0x000000058e000000, 0x000000058f000000|  0%| F|  |TAMS 0x000000058e000000| PB 0x000000058e000000| Untracked |  0
|  143|0x000000058f000000, 0x000000058f000000, 0x0000000590000000|  0%| F|  |TAMS 0x000000058f000000| PB 0x000000058f000000| Untracked |  0
|  144|0x0000000590000000, 0x0000000590000000, 0x0000000591000000|  0%| F|  |TAMS 0x0000000590000000| PB 0x0000000590000000| Untracked |  0
|  145|0x0000000591000000, 0x0000000591000000, 0x0000000592000000|  0%| F|  |TAMS 0x0000000591000000| PB 0x0000000591000000| Untracked |  0
|  146|0x0000000592000000, 0x0000000592000000, 0x0000000593000000|  0%| F|  |TAMS 0x0000000592000000| PB 0x0000000592000000| Untracked |  0
|  147|0x0000000593000000, 0x0000000593000000, 0x0000000594000000|  0%| F|  |TAMS 0x0000000593000000| PB 0x0000000593000000| Untracked |  0
|  148|0x0000000594000000, 0x0000000594000000, 0x0000000595000000|  0%| F|  |TAMS 0x0000000594000000| PB 0x0000000594000000| Untracked |  0
|  149|0x0000000595000000, 0x0000000595000000, 0x0000000596000000|  0%| F|  |TAMS 0x0000000595000000| PB 0x0000000595000000| Untracked |  0
|  150|0x0000000596000000, 0x0000000596000000, 0x0000000597000000|  0%| F|  |TAMS 0x0000000596000000| PB 0x0000000596000000| Untracked |  0
|  151|0x0000000597000000, 0x0000000597000000, 0x0000000598000000|  0%| F|  |TAMS 0x0000000597000000| PB 0x0000000597000000| Untracked |  0
|  152|0x0000000598000000, 0x0000000598000000, 0x0000000599000000|  0%| F|  |TAMS 0x0000000598000000| PB 0x0000000598000000| Untracked |  0
|  153|0x0000000599000000, 0x0000000599000000, 0x000000059a000000|  0%| F|  |TAMS 0x0000000599000000| PB 0x0000000599000000| Untracked |  0
|  154|0x000000059a000000, 0x000000059a000000, 0x000000059b000000|  0%| F|  |TAMS 0x000000059a000000| PB 0x000000059a000000| Untracked |  0
|  155|0x000000059b000000, 0x000000059b000000, 0x000000059c000000|  0%| F|  |TAMS 0x000000059b000000| PB 0x000000059b000000| Untracked |  0
|  156|0x000000059c000000, 0x000000059c000000, 0x000000059d000000|  0%| F|  |TAMS 0x000000059c000000| PB 0x000000059c000000| Untracked |  0
|  157|0x000000059d000000, 0x000000059d000000, 0x000000059e000000|  0%| F|  |TAMS 0x000000059d000000| PB 0x000000059d000000| Untracked |  0
|  158|0x000000059e000000, 0x000000059e000000, 0x000000059f000000|  0%| F|  |TAMS 0x000000059e000000| PB 0x000000059e000000| Untracked |  0
|  159|0x000000059f000000, 0x000000059f000000, 0x00000005a0000000|  0%| F|  |TAMS 0x000000059f000000| PB 0x000000059f000000| Untracked |  0
|  160|0x00000005a0000000, 0x00000005a0000000, 0x00000005a1000000|  0%| F|  |TAMS 0x00000005a0000000| PB 0x00000005a0000000| Untracked |  0
|  161|0x00000005a1000000, 0x00000005a1000000, 0x00000005a2000000|  0%| F|  |TAMS 0x00000005a1000000| PB 0x00000005a1000000| Untracked |  0
|  162|0x00000005a2000000, 0x00000005a2000000, 0x00000005a3000000|  0%| F|  |TAMS 0x00000005a2000000| PB 0x00000005a2000000| Untracked |  0
|  163|0x00000005a3000000, 0x00000005a3000000, 0x00000005a4000000|  0%| F|  |TAMS 0x00000005a3000000| PB 0x00000005a3000000| Untracked |  0
|  164|0x00000005a4000000, 0x00000005a4000000, 0x00000005a5000000|  0%| F|  |TAMS 0x00000005a4000000| PB 0x00000005a4000000| Untracked |  0
|  165|0x00000005a5000000, 0x00000005a5000000, 0x00000005a6000000|  0%| F|  |TAMS 0x00000005a5000000| PB 0x00000005a5000000| Untracked |  0
|  166|0x00000005a6000000, 0x00000005a6000000, 0x00000005a7000000|  0%| F|  |TAMS 0x00000005a6000000| PB 0x00000005a6000000| Untracked |  0
|  167|0x00000005a7000000, 0x00000005a7000000, 0x00000005a8000000|  0%| F|  |TAMS 0x00000005a7000000| PB 0x00000005a7000000| Untracked |  0
|  168|0x00000005a8000000, 0x00000005a8000000, 0x00000005a9000000|  0%| F|  |TAMS 0x00000005a8000000| PB 0x00000005a8000000| Untracked |  0
|  169|0x00000005a9000000, 0x00000005a9000000, 0x00000005aa000000|  0%| F|  |TAMS 0x00000005a9000000| PB 0x00000005a9000000| Untracked |  0
|  170|0x00000005aa000000, 0x00000005aa000000, 0x00000005ab000000|  0%| F|  |TAMS 0x00000005aa000000| PB 0x00000005aa000000| Untracked |  0
|  171|0x00000005ab000000, 0x00000005ab000000, 0x00000005ac000000|  0%| F|  |TAMS 0x00000005ab000000| PB 0x00000005ab000000| Untracked |  0
|  172|0x00000005ac000000, 0x00000005ac000000, 0x00000005ad000000|  0%| F|  |TAMS 0x00000005ac000000| PB 0x00000005ac000000| Untracked |  0
|  173|0x00000005ad000000, 0x00000005ad000000, 0x00000005ae000000|  0%| F|  |TAMS 0x00000005ad000000| PB 0x00000005ad000000| Untracked |  0
|  174|0x00000005ae000000, 0x00000005ae000000, 0x00000005af000000|  0%| F|  |TAMS 0x00000005ae000000| PB 0x00000005ae000000| Untracked |  0
|  175|0x00000005af000000, 0x00000005af000000, 0x00000005b0000000|  0%| F|  |TAMS 0x00000005af000000| PB 0x00000005af000000| Untracked |  0
|  176|0x00000005b0000000, 0x00000005b0000000, 0x00000005b1000000|  0%| F|  |TAMS 0x00000005b0000000| PB 0x00000005b0000000| Untracked |  0
|  177|0x00000005b1000000, 0x00000005b1000000, 0x00000005b2000000|  0%| F|  |TAMS 0x00000005b1000000| PB 0x00000005b1000000| Untracked |  0
|  178|0x00000005b2000000, 0x00000005b2000000, 0x00000005b3000000|  0%| F|  |TAMS 0x00000005b2000000| PB 0x00000005b2000000| Untracked |  0
|  179|0x00000005b3000000, 0x00000005b3000000, 0x00000005b4000000|  0%| F|  |TAMS 0x00000005b3000000| PB 0x00000005b3000000| Untracked |  0
|  180|0x00000005b4000000, 0x00000005b4000000, 0x00000005b5000000|  0%| F|  |TAMS 0x00000005b4000000| PB 0x00000005b4000000| Untracked |  0
|  181|0x00000005b5000000, 0x00000005b5000000, 0x00000005b6000000|  0%| F|  |TAMS 0x00000005b5000000| PB 0x00000005b5000000| Untracked |  0
|  182|0x00000005b6000000, 0x00000005b6000000, 0x00000005b7000000|  0%| F|  |TAMS 0x00000005b6000000| PB 0x00000005b6000000| Untracked |  0
|  183|0x00000005b7000000, 0x00000005b7000000, 0x00000005b8000000|  0%| F|  |TAMS 0x00000005b7000000| PB 0x00000005b7000000| Untracked |  0
|  184|0x00000005b8000000, 0x00000005b8000000, 0x00000005b9000000|  0%| F|  |TAMS 0x00000005b8000000| PB 0x00000005b8000000| Untracked |  0
|  185|0x00000005b9000000, 0x00000005b9000000, 0x00000005ba000000|  0%| F|  |TAMS 0x00000005b9000000| PB 0x00000005b9000000| Untracked |  0
|  186|0x00000005ba000000, 0x00000005ba000000, 0x00000005bb000000|  0%| F|  |TAMS 0x00000005ba000000| PB 0x00000005ba000000| Untracked |  0
|  187|0x00000005bb000000, 0x00000005bb000000, 0x00000005bc000000|  0%| F|  |TAMS 0x00000005bb000000| PB 0x00000005bb000000| Untracked |  0
|  188|0x00000005bc000000, 0x00000005bc000000, 0x00000005bd000000|  0%| F|  |TAMS 0x00000005bc000000| PB 0x00000005bc000000| Untracked |  0
|  189|0x00000005bd000000, 0x00000005bd000000, 0x00000005be000000|  0%| F|  |TAMS 0x00000005bd000000| PB 0x00000005bd000000| Untracked |  0
|  190|0x00000005be000000, 0x00000005be000000, 0x00000005bf000000|  0%| F|  |TAMS 0x00000005be000000| PB 0x00000005be000000| Untracked |  0
|  191|0x00000005bf000000, 0x00000005bf000000, 0x00000005c0000000|  0%| F|  |TAMS 0x00000005bf000000| PB 0x00000005bf000000| Untracked |  0
|  192|0x00000005c0000000, 0x00000005c0000000, 0x00000005c1000000|  0%| F|  |TAMS 0x00000005c0000000| PB 0x00000005c0000000| Untracked |  0
|  193|0x00000005c1000000, 0x00000005c1000000, 0x00000005c2000000|  0%| F|  |TAMS 0x00000005c1000000| PB 0x00000005c1000000| Untracked |  0
|  194|0x00000005c2000000, 0x00000005c2000000, 0x00000005c3000000|  0%| F|  |TAMS 0x00000005c2000000| PB 0x00000005c2000000| Untracked |  0
|  195|0x00000005c3000000, 0x00000005c3000000, 0x00000005c4000000|  0%| F|  |TAMS 0x00000005c3000000| PB 0x00000005c3000000| Untracked |  0
|  196|0x00000005c4000000, 0x00000005c4000000, 0x00000005c5000000|  0%| F|  |TAMS 0x00000005c4000000| PB 0x00000005c4000000| Untracked |  0
|  197|0x00000005c5000000, 0x00000005c5000000, 0x00000005c6000000|  0%| F|  |TAMS 0x00000005c5000000| PB 0x00000005c5000000| Untracked |  0
|  198|0x00000005c6000000, 0x00000005c6000000, 0x00000005c7000000|  0%| F|  |TAMS 0x00000005c6000000| PB 0x00000005c6000000| Untracked |  0
|  199|0x00000005c7000000, 0x00000005c7000000, 0x00000005c8000000|  0%| F|  |TAMS 0x00000005c7000000| PB 0x00000005c7000000| Untracked |  0
|  200|0x00000005c8000000, 0x00000005c8000000, 0x00000005c9000000|  0%| F|  |TAMS 0x00000005c8000000| PB 0x00000005c8000000| Untracked |  0
|  201|0x00000005c9000000, 0x00000005c9000000, 0x00000005ca000000|  0%| F|  |TAMS 0x00000005c9000000| PB 0x00000005c9000000| Untracked |  0
|  202|0x00000005ca000000, 0x00000005ca000000, 0x00000005cb000000|  0%| F|  |TAMS 0x00000005ca000000| PB 0x00000005ca000000| Untracked |  0
|  203|0x00000005cb000000, 0x00000005cb000000, 0x00000005cc000000|  0%| F|  |TAMS 0x00000005cb000000| PB 0x00000005cb000000| Untracked |  0
|  204|0x00000005cc000000, 0x00000005cc000000, 0x00000005cd000000|  0%| F|  |TAMS 0x00000005cc000000| PB 0x00000005cc000000| Untracked |  0
|  205|0x00000005cd000000, 0x00000005cd000000, 0x00000005ce000000|  0%| F|  |TAMS 0x00000005cd000000| PB 0x00000005cd000000| Untracked |  0
|  206|0x00000005ce000000, 0x00000005ce000000, 0x00000005cf000000|  0%| F|  |TAMS 0x00000005ce000000| PB 0x00000005ce000000| Untracked |  0
|  207|0x00000005cf000000, 0x00000005cf000000, 0x00000005d0000000|  0%| F|  |TAMS 0x00000005cf000000| PB 0x00000005cf000000| Untracked |  0
|  208|0x00000005d0000000, 0x00000005d0000000, 0x00000005d1000000|  0%| F|  |TAMS 0x00000005d0000000| PB 0x00000005d0000000| Untracked |  0
|  209|0x00000005d1000000, 0x00000005d1000000, 0x00000005d2000000|  0%| F|  |TAMS 0x00000005d1000000| PB 0x00000005d1000000| Untracked |  0
|  210|0x00000005d2000000, 0x00000005d2000000, 0x00000005d3000000|  0%| F|  |TAMS 0x00000005d2000000| PB 0x00000005d2000000| Untracked |  0
|  211|0x00000005d3000000, 0x00000005d3000000, 0x00000005d4000000|  0%| F|  |TAMS 0x00000005d3000000| PB 0x00000005d3000000| Untracked |  0
|  212|0x00000005d4000000, 0x00000005d4000000, 0x00000005d5000000|  0%| F|  |TAMS 0x00000005d4000000| PB 0x00000005d4000000| Untracked |  0
|  213|0x00000005d5000000, 0x00000005d5000000, 0x00000005d6000000|  0%| F|  |TAMS 0x00000005d5000000| PB 0x00000005d5000000| Untracked |  0
|  214|0x00000005d6000000, 0x00000005d6000000, 0x00000005d7000000|  0%| F|  |TAMS 0x00000005d6000000| PB 0x00000005d6000000| Untracked |  0
|  215|0x00000005d7000000, 0x00000005d7000000, 0x00000005d8000000|  0%| F|  |TAMS 0x00000005d7000000| PB 0x00000005d7000000| Untracked |  0
|  216|0x00000005d8000000, 0x00000005d8000000, 0x00000005d9000000|  0%| F|  |TAMS 0x00000005d8000000| PB 0x00000005d8000000| Untracked |  0
|  217|0x00000005d9000000, 0x00000005d9000000, 0x00000005da000000|  0%| F|  |TAMS 0x00000005d9000000| PB 0x00000005d9000000| Untracked |  0
|  218|0x00000005da000000, 0x00000005da000000, 0x00000005db000000|  0%| F|  |TAMS 0x00000005da000000| PB 0x00000005da000000| Untracked |  0
|  219|0x00000005db000000, 0x00000005db000000, 0x00000005dc000000|  0%| F|  |TAMS 0x00000005db000000| PB 0x00000005db000000| Untracked |  0
|  220|0x00000005dc000000, 0x00000005dc000000, 0x00000005dd000000|  0%| F|  |TAMS 0x00000005dc000000| PB 0x00000005dc000000| Untracked |  0
|  221|0x00000005dd000000, 0x00000005dd000000, 0x00000005de000000|  0%| F|  |TAMS 0x00000005dd000000| PB 0x00000005dd000000| Untracked |  0
|  222|0x00000005de000000, 0x00000005de000000, 0x00000005df000000|  0%| F|  |TAMS 0x00000005de000000| PB 0x00000005de000000| Untracked |  0
|  223|0x00000005df000000, 0x00000005df000000, 0x00000005e0000000|  0%| F|  |TAMS 0x00000005df000000| PB 0x00000005df000000| Untracked |  0
|  224|0x00000005e0000000, 0x00000005e0000000, 0x00000005e1000000|  0%| F|  |TAMS 0x00000005e0000000| PB 0x00000005e0000000| Untracked |  0
|  225|0x00000005e1000000, 0x00000005e1000000, 0x00000005e2000000|  0%| F|  |TAMS 0x00000005e1000000| PB 0x00000005e1000000| Untracked |  0
|  226|0x00000005e2000000, 0x00000005e2000000, 0x00000005e3000000|  0%| F|  |TAMS 0x00000005e2000000| PB 0x00000005e2000000| Untracked |  0
|  227|0x00000005e3000000, 0x00000005e3000000, 0x00000005e4000000|  0%| F|  |TAMS 0x00000005e3000000| PB 0x00000005e3000000| Untracked |  0
|  228|0x00000005e4000000, 0x00000005e4000000, 0x00000005e5000000|  0%| F|  |TAMS 0x00000005e4000000| PB 0x00000005e4000000| Untracked |  0
|  229|0x00000005e5000000, 0x00000005e5000000, 0x00000005e6000000|  0%| F|  |TAMS 0x00000005e5000000| PB 0x00000005e5000000| Untracked |  0
|  230|0x00000005e6000000, 0x00000005e6000000, 0x00000005e7000000|  0%| F|  |TAMS 0x00000005e6000000| PB 0x00000005e6000000| Untracked |  0
|  231|0x00000005e7000000, 0x00000005e7000000, 0x00000005e8000000|  0%| F|  |TAMS 0x00000005e7000000| PB 0x00000005e7000000| Untracked |  0
|  232|0x00000005e8000000, 0x00000005e8000000, 0x00000005e9000000|  0%| F|  |TAMS 0x00000005e8000000| PB 0x00000005e8000000| Untracked |  0
|  233|0x00000005e9000000, 0x00000005e9000000, 0x00000005ea000000|  0%| F|  |TAMS 0x00000005e9000000| PB 0x00000005e9000000| Untracked |  0
|  234|0x00000005ea000000, 0x00000005ea000000, 0x00000005eb000000|  0%| F|  |TAMS 0x00000005ea000000| PB 0x00000005ea000000| Untracked |  0
|  235|0x00000005eb000000, 0x00000005eb000000, 0x00000005ec000000|  0%| F|  |TAMS 0x00000005eb000000| PB 0x00000005eb000000| Untracked |  0
|  236|0x00000005ec000000, 0x00000005ec000000, 0x00000005ed000000|  0%| F|  |TAMS 0x00000005ec000000| PB 0x00000005ec000000| Untracked |  0
|  237|0x00000005ed000000, 0x00000005ed000000, 0x00000005ee000000|  0%| F|  |TAMS 0x00000005ed000000| PB 0x00000005ed000000| Untracked |  0
|  238|0x00000005ee000000, 0x00000005ee000000, 0x00000005ef000000|  0%| F|  |TAMS 0x00000005ee000000| PB 0x00000005ee000000| Untracked |  0
|  239|0x00000005ef000000, 0x00000005ef000000, 0x00000005f0000000|  0%| F|  |TAMS 0x00000005ef000000| PB 0x00000005ef000000| Untracked |  0
|  240|0x00000005f0000000, 0x00000005f0000000, 0x00000005f1000000|  0%| F|  |TAMS 0x00000005f0000000| PB 0x00000005f0000000| Untracked |  0
|  241|0x00000005f1000000, 0x00000005f1000000, 0x00000005f2000000|  0%| F|  |TAMS 0x00000005f1000000| PB 0x00000005f1000000| Untracked |  0
|  242|0x00000005f2000000, 0x00000005f2000000, 0x00000005f3000000|  0%| F|  |TAMS 0x00000005f2000000| PB 0x00000005f2000000| Untracked |  0
|  243|0x00000005f3000000, 0x00000005f3000000, 0x00000005f4000000|  0%| F|  |TAMS 0x00000005f3000000| PB 0x00000005f3000000| Untracked |  0
|  244|0x00000005f4000000, 0x00000005f4000000, 0x00000005f5000000|  0%| F|  |TAMS 0x00000005f4000000| PB 0x00000005f4000000| Untracked |  0
|  245|0x00000005f5000000, 0x00000005f5000000, 0x00000005f6000000|  0%| F|  |TAMS 0x00000005f5000000| PB 0x00000005f5000000| Untracked |  0
|  246|0x00000005f6000000, 0x00000005f6000000, 0x00000005f7000000|  0%| F|  |TAMS 0x00000005f6000000| PB 0x00000005f6000000| Untracked |  0
|  247|0x00000005f7000000, 0x00000005f7000000, 0x00000005f8000000|  0%| F|  |TAMS 0x00000005f7000000| PB 0x00000005f7000000| Untracked |  0
|  248|0x00000005f8000000, 0x00000005f8000000, 0x00000005f9000000|  0%| F|  |TAMS 0x00000005f8000000| PB 0x00000005f8000000| Untracked |  0
|  249|0x00000005f9000000, 0x00000005f9000000, 0x00000005fa000000|  0%| F|  |TAMS 0x00000005f9000000| PB 0x00000005f9000000| Untracked |  0
|  250|0x00000005fa000000, 0x00000005fa000000, 0x00000005fb000000|  0%| F|  |TAMS 0x00000005fa000000| PB 0x00000005fa000000| Untracked |  0
|  251|0x00000005fb000000, 0x00000005fb000000, 0x00000005fc000000|  0%| F|  |TAMS 0x00000005fb000000| PB 0x00000005fb000000| Untracked |  0
|  252|0x00000005fc000000, 0x00000005fc000000, 0x00000005fd000000|  0%| F|  |TAMS 0x00000005fc000000| PB 0x00000005fc000000| Untracked |  0
|  253|0x00000005fd000000, 0x00000005fd000000, 0x00000005fe000000|  0%| F|  |TAMS 0x00000005fd000000| PB 0x00000005fd000000| Untracked |  0
|  254|0x00000005fe000000, 0x00000005fe000000, 0x00000005ff000000|  0%| F|  |TAMS 0x00000005fe000000| PB 0x00000005fe000000| Untracked |  0
|  255|0x00000005ff000000, 0x00000005ff000000, 0x0000000600000000|  0%| F|  |TAMS 0x00000005ff000000| PB 0x00000005ff000000| Untracked |  0
|  256|0x0000000600000000, 0x0000000600000000, 0x0000000601000000|  0%| F|  |TAMS 0x0000000600000000| PB 0x0000000600000000| Untracked |  0
|  257|0x0000000601000000, 0x0000000601000000, 0x0000000602000000|  0%| F|  |TAMS 0x0000000601000000| PB 0x0000000601000000| Untracked |  0
|  258|0x0000000602000000, 0x0000000602000000, 0x0000000603000000|  0%| F|  |TAMS 0x0000000602000000| PB 0x0000000602000000| Untracked |  0
|  259|0x0000000603000000, 0x0000000603000000, 0x0000000604000000|  0%| F|  |TAMS 0x0000000603000000| PB 0x0000000603000000| Untracked |  0
|  260|0x0000000604000000, 0x0000000604000000, 0x0000000605000000|  0%| F|  |TAMS 0x0000000604000000| PB 0x0000000604000000| Untracked |  0
|  261|0x0000000605000000, 0x0000000605000000, 0x0000000606000000|  0%| F|  |TAMS 0x0000000605000000| PB 0x0000000605000000| Untracked |  0
|  262|0x0000000606000000, 0x0000000606000000, 0x0000000607000000|  0%| F|  |TAMS 0x0000000606000000| PB 0x0000000606000000| Untracked |  0
|  263|0x0000000607000000, 0x0000000607000000, 0x0000000608000000|  0%| F|  |TAMS 0x0000000607000000| PB 0x0000000607000000| Untracked |  0
|  264|0x0000000608000000, 0x0000000608000000, 0x0000000609000000|  0%| F|  |TAMS 0x0000000608000000| PB 0x0000000608000000| Untracked |  0
|  265|0x0000000609000000, 0x0000000609000000, 0x000000060a000000|  0%| F|  |TAMS 0x0000000609000000| PB 0x0000000609000000| Untracked |  0
|  266|0x000000060a000000, 0x000000060a000000, 0x000000060b000000|  0%| F|  |TAMS 0x000000060a000000| PB 0x000000060a000000| Untracked |  0
|  267|0x000000060b000000, 0x000000060b000000, 0x000000060c000000|  0%| F|  |TAMS 0x000000060b000000| PB 0x000000060b000000| Untracked |  0
|  268|0x000000060c000000, 0x000000060c000000, 0x000000060d000000|  0%| F|  |TAMS 0x000000060c000000| PB 0x000000060c000000| Untracked |  0
|  269|0x000000060d000000, 0x000000060d000000, 0x000000060e000000|  0%| F|  |TAMS 0x000000060d000000| PB 0x000000060d000000| Untracked |  0
|  270|0x000000060e000000, 0x000000060e000000, 0x000000060f000000|  0%| F|  |TAMS 0x000000060e000000| PB 0x000000060e000000| Untracked |  0
|  271|0x000000060f000000, 0x000000060f000000, 0x0000000610000000|  0%| F|  |TAMS 0x000000060f000000| PB 0x000000060f000000| Untracked |  0
|  272|0x0000000610000000, 0x0000000610000000, 0x0000000611000000|  0%| F|  |TAMS 0x0000000610000000| PB 0x0000000610000000| Untracked |  0
|  273|0x0000000611000000, 0x0000000611000000, 0x0000000612000000|  0%| F|  |TAMS 0x0000000611000000| PB 0x0000000611000000| Untracked |  0
|  274|0x0000000612000000, 0x0000000612000000, 0x0000000613000000|  0%| F|  |TAMS 0x0000000612000000| PB 0x0000000612000000| Untracked |  0
|  275|0x0000000613000000, 0x0000000613000000, 0x0000000614000000|  0%| F|  |TAMS 0x0000000613000000| PB 0x0000000613000000| Untracked |  0
|  276|0x0000000614000000, 0x0000000614000000, 0x0000000615000000|  0%| F|  |TAMS 0x0000000614000000| PB 0x0000000614000000| Untracked |  0
|  277|0x0000000615000000, 0x0000000615000000, 0x0000000616000000|  0%| F|  |TAMS 0x0000000615000000| PB 0x0000000615000000| Untracked |  0
|  278|0x0000000616000000, 0x0000000616000000, 0x0000000617000000|  0%| F|  |TAMS 0x0000000616000000| PB 0x0000000616000000| Untracked |  0
|  279|0x0000000617000000, 0x0000000617000000, 0x0000000618000000|  0%| F|  |TAMS 0x0000000617000000| PB 0x0000000617000000| Untracked |  0
|  280|0x0000000618000000, 0x0000000618000000, 0x0000000619000000|  0%| F|  |TAMS 0x0000000618000000| PB 0x0000000618000000| Untracked |  0
|  281|0x0000000619000000, 0x0000000619000000, 0x000000061a000000|  0%| F|  |TAMS 0x0000000619000000| PB 0x0000000619000000| Untracked |  0
|  282|0x000000061a000000, 0x000000061a000000, 0x000000061b000000|  0%| F|  |TAMS 0x000000061a000000| PB 0x000000061a000000| Untracked |  0
|  283|0x000000061b000000, 0x000000061b000000, 0x000000061c000000|  0%| F|  |TAMS 0x000000061b000000| PB 0x000000061b000000| Untracked |  0
|  284|0x000000061c000000, 0x000000061c000000, 0x000000061d000000|  0%| F|  |TAMS 0x000000061c000000| PB 0x000000061c000000| Untracked |  0
|  285|0x000000061d000000, 0x000000061d000000, 0x000000061e000000|  0%| F|  |TAMS 0x000000061d000000| PB 0x000000061d000000| Untracked |  0
|  286|0x000000061e000000, 0x000000061e000000, 0x000000061f000000|  0%| F|  |TAMS 0x000000061e000000| PB 0x000000061e000000| Untracked |  0
|  287|0x000000061f000000, 0x000000061f000000, 0x0000000620000000|  0%| F|  |TAMS 0x000000061f000000| PB 0x000000061f000000| Untracked |  0
|  288|0x0000000620000000, 0x0000000620000000, 0x0000000621000000|  0%| F|  |TAMS 0x0000000620000000| PB 0x0000000620000000| Untracked |  0
|  289|0x0000000621000000, 0x0000000621000000, 0x0000000622000000|  0%| F|  |TAMS 0x0000000621000000| PB 0x0000000621000000| Untracked |  0
|  290|0x0000000622000000, 0x0000000622000000, 0x0000000623000000|  0%| F|  |TAMS 0x0000000622000000| PB 0x0000000622000000| Untracked |  0
|  291|0x0000000623000000, 0x0000000623000000, 0x0000000624000000|  0%| F|  |TAMS 0x0000000623000000| PB 0x0000000623000000| Untracked |  0
|  292|0x0000000624000000, 0x0000000624000000, 0x0000000625000000|  0%| F|  |TAMS 0x0000000624000000| PB 0x0000000624000000| Untracked |  0
|  293|0x0000000625000000, 0x0000000625000000, 0x0000000626000000|  0%| F|  |TAMS 0x0000000625000000| PB 0x0000000625000000| Untracked |  0
|  294|0x0000000626000000, 0x0000000626000000, 0x0000000627000000|  0%| F|  |TAMS 0x0000000626000000| PB 0x0000000626000000| Untracked |  0
|  295|0x0000000627000000, 0x0000000627000000, 0x0000000628000000|  0%| F|  |TAMS 0x0000000627000000| PB 0x0000000627000000| Untracked |  0
|  296|0x0000000628000000, 0x0000000628000000, 0x0000000629000000|  0%| F|  |TAMS 0x0000000628000000| PB 0x0000000628000000| Untracked |  0
|  297|0x0000000629000000, 0x0000000629000000, 0x000000062a000000|  0%| F|  |TAMS 0x0000000629000000| PB 0x0000000629000000| Untracked |  0
|  298|0x000000062a000000, 0x000000062a000000, 0x000000062b000000|  0%| F|  |TAMS 0x000000062a000000| PB 0x000000062a000000| Untracked |  0
|  299|0x000000062b000000, 0x000000062b000000, 0x000000062c000000|  0%| F|  |TAMS 0x000000062b000000| PB 0x000000062b000000| Untracked |  0
|  300|0x000000062c000000, 0x000000062c000000, 0x000000062d000000|  0%| F|  |TAMS 0x000000062c000000| PB 0x000000062c000000| Untracked |  0
|  301|0x000000062d000000, 0x000000062d000000, 0x000000062e000000|  0%| F|  |TAMS 0x000000062d000000| PB 0x000000062d000000| Untracked |  0
|  302|0x000000062e000000, 0x000000062e000000, 0x000000062f000000|  0%| F|  |TAMS 0x000000062e000000| PB 0x000000062e000000| Untracked |  0
|  303|0x000000062f000000, 0x000000062f000000, 0x0000000630000000|  0%| F|  |TAMS 0x000000062f000000| PB 0x000000062f000000| Untracked |  0
|  304|0x0000000630000000, 0x0000000630000000, 0x0000000631000000|  0%| F|  |TAMS 0x0000000630000000| PB 0x0000000630000000| Untracked |  0
|  305|0x0000000631000000, 0x0000000631000000, 0x0000000632000000|  0%| F|  |TAMS 0x0000000631000000| PB 0x0000000631000000| Untracked |  0
|  306|0x0000000632000000, 0x0000000633000000, 0x0000000633000000|100%| S|CS|TAMS 0x0000000632000000| PB 0x0000000632000000| Complete  |  0
|  307|0x0000000633000000, 0x0000000634000000, 0x0000000634000000|100%| S|CS|TAMS 0x0000000633000000| PB 0x0000000633000000| Complete  |  0
|  308|0x0000000634000000, 0x0000000635000000, 0x0000000635000000|100%| S|CS|TAMS 0x0000000634000000| PB 0x0000000634000000| Complete  |  0
|  309|0x0000000635000000, 0x0000000636000000, 0x0000000636000000|100%| S|CS|TAMS 0x0000000635000000| PB 0x0000000635000000| Complete  |  0
|  310|0x0000000636000000, 0x0000000637000000, 0x0000000637000000|100%| S|CS|TAMS 0x0000000636000000| PB 0x0000000636000000| Complete  |  0
|  311|0x0000000637000000, 0x0000000638000000, 0x0000000638000000|100%| S|CS|TAMS 0x0000000637000000| PB 0x0000000637000000| Complete  |  0
|  312|0x0000000638000000, 0x0000000639000000, 0x0000000639000000|100%| S|CS|TAMS 0x0000000638000000| PB 0x0000000638000000| Complete  |  0
|  313|0x0000000639000000, 0x000000063a000000, 0x000000063a000000|100%| O|Cr|TAMS 0x0000000639000000| PB 0x0000000639000000| Complete  |  1
|  314|0x000000063a000000, 0x000000063a000000, 0x000000063b000000|  0%| F|  |TAMS 0x000000063a000000| PB 0x000000063a000000| Untracked |  0
|  315|0x000000063b000000, 0x000000063b000000, 0x000000063c000000|  0%| F|  |TAMS 0x000000063b000000| PB 0x000000063b000000| Untracked |  0
|  316|0x000000063c000000, 0x000000063c000000, 0x000000063d000000|  0%| F|  |TAMS 0x000000063c000000| PB 0x000000063c000000| Untracked |  0
|  317|0x000000063d000000, 0x000000063d000000, 0x000000063e000000|  0%| F|  |TAMS 0x000000063d000000| PB 0x000000063d000000| Untracked |  0
|  318|0x000000063e000000, 0x000000063e000000, 0x000000063f000000|  0%| F|  |TAMS 0x000000063e000000| PB 0x000000063e000000| Untracked |  0
|  319|0x000000063f000000, 0x000000063f000000, 0x0000000640000000|  0%| F|  |TAMS 0x000000063f000000| PB 0x000000063f000000| Untracked |  0
|  320|0x0000000640000000, 0x0000000640000000, 0x0000000641000000|  0%| F|  |TAMS 0x0000000640000000| PB 0x0000000640000000| Untracked |  0
|  321|0x0000000641000000, 0x0000000641000000, 0x0000000642000000|  0%| F|  |TAMS 0x0000000641000000| PB 0x0000000641000000| Untracked |  0
|  322|0x0000000642000000, 0x0000000642000000, 0x0000000643000000|  0%| F|  |TAMS 0x0000000642000000| PB 0x0000000642000000| Untracked |  0
|  323|0x0000000643000000, 0x0000000643000000, 0x0000000644000000|  0%| F|  |TAMS 0x0000000643000000| PB 0x0000000643000000| Untracked |  0
|  324|0x0000000644000000, 0x0000000644000000, 0x0000000645000000|  0%| F|  |TAMS 0x0000000644000000| PB 0x0000000644000000| Untracked |  0
|  325|0x0000000645000000, 0x0000000645000000, 0x0000000646000000|  0%| F|  |TAMS 0x0000000645000000| PB 0x0000000645000000| Untracked |  0
|  326|0x0000000646000000, 0x0000000646000000, 0x0000000647000000|  0%| F|  |TAMS 0x0000000646000000| PB 0x0000000646000000| Untracked |  0
|  327|0x0000000647000000, 0x0000000647000000, 0x0000000648000000|  0%| F|  |TAMS 0x0000000647000000| PB 0x0000000647000000| Untracked |  0
|  328|0x0000000648000000, 0x0000000648000000, 0x0000000649000000|  0%| F|  |TAMS 0x0000000648000000| PB 0x0000000648000000| Untracked |  0
|  329|0x0000000649000000, 0x0000000649000000, 0x000000064a000000|  0%| F|  |TAMS 0x0000000649000000| PB 0x0000000649000000| Untracked |  0
|  330|0x000000064a000000, 0x000000064a000000, 0x000000064b000000|  0%| F|  |TAMS 0x000000064a000000| PB 0x000000064a000000| Untracked |  0
|  331|0x000000064b000000, 0x000000064b000000, 0x000000064c000000|  0%| F|  |TAMS 0x000000064b000000| PB 0x000000064b000000| Untracked |  0
|  332|0x000000064c000000, 0x000000064c000000, 0x000000064d000000|  0%| F|  |TAMS 0x000000064c000000| PB 0x000000064c000000| Untracked |  0
|  333|0x000000064d000000, 0x000000064d000000, 0x000000064e000000|  0%| F|  |TAMS 0x000000064d000000| PB 0x000000064d000000| Untracked |  0
|  334|0x000000064e000000, 0x000000064e000000, 0x000000064f000000|  0%| F|  |TAMS 0x000000064e000000| PB 0x000000064e000000| Untracked |  0
|  335|0x000000064f000000, 0x000000064f000000, 0x0000000650000000|  0%| F|  |TAMS 0x000000064f000000| PB 0x000000064f000000| Untracked |  0
|  336|0x0000000650000000, 0x0000000650000000, 0x0000000651000000|  0%| F|  |TAMS 0x0000000650000000| PB 0x0000000650000000| Untracked |  0
|  337|0x0000000651000000, 0x0000000651000000, 0x0000000652000000|  0%| F|  |TAMS 0x0000000651000000| PB 0x0000000651000000| Untracked |  0
|  338|0x0000000652000000, 0x0000000652000000, 0x0000000653000000|  0%| F|  |TAMS 0x0000000652000000| PB 0x0000000652000000| Untracked |  0
|  339|0x0000000653000000, 0x0000000653000000, 0x0000000654000000|  0%| F|  |TAMS 0x0000000653000000| PB 0x0000000653000000| Untracked |  0
|  340|0x0000000654000000, 0x0000000654000000, 0x0000000655000000|  0%| F|  |TAMS 0x0000000654000000| PB 0x0000000654000000| Untracked |  0
|  341|0x0000000655000000, 0x0000000655000000, 0x0000000656000000|  0%| F|  |TAMS 0x0000000655000000| PB 0x0000000655000000| Untracked |  0
|  342|0x0000000656000000, 0x0000000656000000, 0x0000000657000000|  0%| F|  |TAMS 0x0000000656000000| PB 0x0000000656000000| Untracked |  0
|  343|0x0000000657000000, 0x0000000657000000, 0x0000000658000000|  0%| F|  |TAMS 0x0000000657000000| PB 0x0000000657000000| Untracked |  0
|  344|0x0000000658000000, 0x0000000658000000, 0x0000000659000000|  0%| F|  |TAMS 0x0000000658000000| PB 0x0000000658000000| Untracked |  0
|  345|0x0000000659000000, 0x0000000659000000, 0x000000065a000000|  0%| F|  |TAMS 0x0000000659000000| PB 0x0000000659000000| Untracked |  0
|  346|0x000000065a000000, 0x000000065a000000, 0x000000065b000000|  0%| F|  |TAMS 0x000000065a000000| PB 0x000000065a000000| Untracked |  0
|  347|0x000000065b000000, 0x000000065b000000, 0x000000065c000000|  0%| F|  |TAMS 0x000000065b000000| PB 0x000000065b000000| Untracked |  0
|  348|0x000000065c000000, 0x000000065c000000, 0x000000065d000000|  0%| F|  |TAMS 0x000000065c000000| PB 0x000000065c000000| Untracked |  0
|  349|0x000000065d000000, 0x000000065d000000, 0x000000065e000000|  0%| F|  |TAMS 0x000000065d000000| PB 0x000000065d000000| Untracked |  0
|  350|0x000000065e000000, 0x000000065e000000, 0x000000065f000000|  0%| F|  |TAMS 0x000000065e000000| PB 0x000000065e000000| Untracked |  0
|  351|0x000000065f000000, 0x000000065f000000, 0x0000000660000000|  0%| F|  |TAMS 0x000000065f000000| PB 0x000000065f000000| Untracked |  0
|  352|0x0000000660000000, 0x0000000660000000, 0x0000000661000000|  0%| F|  |TAMS 0x0000000660000000| PB 0x0000000660000000| Untracked |  0
|  353|0x0000000661000000, 0x0000000661000000, 0x0000000662000000|  0%| F|  |TAMS 0x0000000661000000| PB 0x0000000661000000| Untracked |  0
|  354|0x0000000662000000, 0x0000000662000000, 0x0000000663000000|  0%| F|  |TAMS 0x0000000662000000| PB 0x0000000662000000| Untracked |  0
|  355|0x0000000663000000, 0x0000000663000000, 0x0000000664000000|  0%| F|  |TAMS 0x0000000663000000| PB 0x0000000663000000| Untracked |  0
|  356|0x0000000664000000, 0x0000000664000000, 0x0000000665000000|  0%| F|  |TAMS 0x0000000664000000| PB 0x0000000664000000| Untracked |  0
|  357|0x0000000665000000, 0x0000000665000000, 0x0000000666000000|  0%| F|  |TAMS 0x0000000665000000| PB 0x0000000665000000| Untracked |  0
|  358|0x0000000666000000, 0x0000000666000000, 0x0000000667000000|  0%| F|  |TAMS 0x0000000666000000| PB 0x0000000666000000| Untracked |  0
|  359|0x0000000667000000, 0x0000000667000000, 0x0000000668000000|  0%| F|  |TAMS 0x0000000667000000| PB 0x0000000667000000| Untracked |  0
|  360|0x0000000668000000, 0x0000000668000000, 0x0000000669000000|  0%| F|  |TAMS 0x0000000668000000| PB 0x0000000668000000| Untracked |  0
|  361|0x0000000669000000, 0x0000000669000000, 0x000000066a000000|  0%| F|  |TAMS 0x0000000669000000| PB 0x0000000669000000| Untracked |  0
|  362|0x000000066a000000, 0x000000066a000000, 0x000000066b000000|  0%| F|  |TAMS 0x000000066a000000| PB 0x000000066a000000| Untracked |  0
|  363|0x000000066b000000, 0x000000066b000000, 0x000000066c000000|  0%| F|  |TAMS 0x000000066b000000| PB 0x000000066b000000| Untracked |  0
|  364|0x000000066c000000, 0x000000066c000000, 0x000000066d000000|  0%| F|  |TAMS 0x000000066c000000| PB 0x000000066c000000| Untracked |  0
|  365|0x000000066d000000, 0x000000066d000000, 0x000000066e000000|  0%| F|  |TAMS 0x000000066d000000| PB 0x000000066d000000| Untracked |  0
|  366|0x000000066e000000, 0x000000066e000000, 0x000000066f000000|  0%| F|  |TAMS 0x000000066e000000| PB 0x000000066e000000| Untracked |  0
|  367|0x000000066f000000, 0x000000066f000000, 0x0000000670000000|  0%| F|  |TAMS 0x000000066f000000| PB 0x000000066f000000| Untracked |  0
|  368|0x0000000670000000, 0x0000000670000000, 0x0000000671000000|  0%| F|  |TAMS 0x0000000670000000| PB 0x0000000670000000| Untracked |  0
|  369|0x0000000671000000, 0x0000000671000000, 0x0000000672000000|  0%| F|  |TAMS 0x0000000671000000| PB 0x0000000671000000| Untracked |  0
|  370|0x0000000672000000, 0x0000000672000000, 0x0000000673000000|  0%| F|  |TAMS 0x0000000672000000| PB 0x0000000672000000| Untracked |  0
|  371|0x0000000673000000, 0x0000000673000000, 0x0000000674000000|  0%| F|  |TAMS 0x0000000673000000| PB 0x0000000673000000| Untracked |  0
|  372|0x0000000674000000, 0x0000000674000000, 0x0000000675000000|  0%| F|  |TAMS 0x0000000674000000| PB 0x0000000674000000| Untracked |  0
|  373|0x0000000675000000, 0x0000000675000000, 0x0000000676000000|  0%| F|  |TAMS 0x0000000675000000| PB 0x0000000675000000| Untracked |  0
|  374|0x0000000676000000, 0x0000000676000000, 0x0000000677000000|  0%| F|  |TAMS 0x0000000676000000| PB 0x0000000676000000| Untracked |  0
|  375|0x0000000677000000, 0x0000000677000000, 0x0000000678000000|  0%| F|  |TAMS 0x0000000677000000| PB 0x0000000677000000| Untracked |  0
|  376|0x0000000678000000, 0x0000000678000000, 0x0000000679000000|  0%| F|  |TAMS 0x0000000678000000| PB 0x0000000678000000| Untracked |  0
|  377|0x0000000679000000, 0x0000000679000000, 0x000000067a000000|  0%| F|  |TAMS 0x0000000679000000| PB 0x0000000679000000| Untracked |  0
|  378|0x000000067a000000, 0x000000067a000000, 0x000000067b000000|  0%| F|  |TAMS 0x000000067a000000| PB 0x000000067a000000| Untracked |  0
|  379|0x000000067b000000, 0x000000067b000000, 0x000000067c000000|  0%| F|  |TAMS 0x000000067b000000| PB 0x000000067b000000| Untracked |  0
|  380|0x000000067c000000, 0x000000067c000000, 0x000000067d000000|  0%| F|  |TAMS 0x000000067c000000| PB 0x000000067c000000| Untracked |  0
|  381|0x000000067d000000, 0x000000067d000000, 0x000000067e000000|  0%| F|  |TAMS 0x000000067d000000| PB 0x000000067d000000| Untracked |  0
|  382|0x000000067e000000, 0x000000067e000000, 0x000000067f000000|  0%| F|  |TAMS 0x000000067e000000| PB 0x000000067e000000| Untracked |  0
|  383|0x000000067f000000, 0x000000067f000000, 0x0000000680000000|  0%| F|  |TAMS 0x000000067f000000| PB 0x000000067f000000| Untracked |  0
|  384|0x0000000680000000, 0x0000000680000000, 0x0000000681000000|  0%| F|  |TAMS 0x0000000680000000| PB 0x0000000680000000| Untracked |  0
|  385|0x0000000681000000, 0x0000000681000000, 0x0000000682000000|  0%| F|  |TAMS 0x0000000681000000| PB 0x0000000681000000| Untracked |  0
|  386|0x0000000682000000, 0x0000000682000000, 0x0000000683000000|  0%| F|  |TAMS 0x0000000682000000| PB 0x0000000682000000| Untracked |  0
|  387|0x0000000683000000, 0x0000000683000000, 0x0000000684000000|  0%| F|  |TAMS 0x0000000683000000| PB 0x0000000683000000| Untracked |  0
|  388|0x0000000684000000, 0x0000000684000000, 0x0000000685000000|  0%| F|  |TAMS 0x0000000684000000| PB 0x0000000684000000| Untracked |  0
|  389|0x0000000685000000, 0x0000000685000000, 0x0000000686000000|  0%| F|  |TAMS 0x0000000685000000| PB 0x0000000685000000| Untracked |  0
|  390|0x0000000686000000, 0x0000000686000000, 0x0000000687000000|  0%| F|  |TAMS 0x0000000686000000| PB 0x0000000686000000| Untracked |  0
|  391|0x0000000687000000, 0x0000000687000000, 0x0000000688000000|  0%| F|  |TAMS 0x0000000687000000| PB 0x0000000687000000| Untracked |  0
|  392|0x0000000688000000, 0x0000000688000000, 0x0000000689000000|  0%| F|  |TAMS 0x0000000688000000| PB 0x0000000688000000| Untracked |  0
|  393|0x0000000689000000, 0x0000000689000000, 0x000000068a000000|  0%| F|  |TAMS 0x0000000689000000| PB 0x0000000689000000| Untracked |  0
|  394|0x000000068a000000, 0x000000068a000000, 0x000000068b000000|  0%| F|  |TAMS 0x000000068a000000| PB 0x000000068a000000| Untracked |  0
|  395|0x000000068b000000, 0x000000068b000000, 0x000000068c000000|  0%| F|  |TAMS 0x000000068b000000| PB 0x000000068b000000| Untracked |  0
|  396|0x000000068c000000, 0x000000068c000000, 0x000000068d000000|  0%| F|  |TAMS 0x000000068c000000| PB 0x000000068c000000| Untracked |  0
|  397|0x000000068d000000, 0x000000068d000000, 0x000000068e000000|  0%| F|  |TAMS 0x000000068d000000| PB 0x000000068d000000| Untracked |  0
|  398|0x000000068e000000, 0x000000068e000000, 0x000000068f000000|  0%| F|  |TAMS 0x000000068e000000| PB 0x000000068e000000| Untracked |  0
|  399|0x000000068f000000, 0x000000068f000000, 0x0000000690000000|  0%| F|  |TAMS 0x000000068f000000| PB 0x000000068f000000| Untracked |  0
|  400|0x0000000690000000, 0x0000000690000000, 0x0000000691000000|  0%| F|  |TAMS 0x0000000690000000| PB 0x0000000690000000| Untracked |  0
|  401|0x0000000691000000, 0x0000000691000000, 0x0000000692000000|  0%| F|  |TAMS 0x0000000691000000| PB 0x0000000691000000| Untracked |  0
|  402|0x0000000692000000, 0x0000000692000000, 0x0000000693000000|  0%| F|  |TAMS 0x0000000692000000| PB 0x0000000692000000| Untracked |  0
|  403|0x0000000693000000, 0x0000000693000000, 0x0000000694000000|  0%| F|  |TAMS 0x0000000693000000| PB 0x0000000693000000| Untracked |  0
|  404|0x0000000694000000, 0x0000000694000000, 0x0000000695000000|  0%| F|  |TAMS 0x0000000694000000| PB 0x0000000694000000| Untracked |  0
|  405|0x0000000695000000, 0x0000000695000000, 0x0000000696000000|  0%| F|  |TAMS 0x0000000695000000| PB 0x0000000695000000| Untracked |  0
|  406|0x0000000696000000, 0x0000000696000000, 0x0000000697000000|  0%| F|  |TAMS 0x0000000696000000| PB 0x0000000696000000| Untracked |  0
|  407|0x0000000697000000, 0x0000000697000000, 0x0000000698000000|  0%| F|  |TAMS 0x0000000697000000| PB 0x0000000697000000| Untracked |  0
|  408|0x0000000698000000, 0x0000000698000000, 0x0000000699000000|  0%| F|  |TAMS 0x0000000698000000| PB 0x0000000698000000| Untracked |  0
|  409|0x0000000699000000, 0x0000000699000000, 0x000000069a000000|  0%| F|  |TAMS 0x0000000699000000| PB 0x0000000699000000| Untracked |  0
|  410|0x000000069a000000, 0x000000069a000000, 0x000000069b000000|  0%| F|  |TAMS 0x000000069a000000| PB 0x000000069a000000| Untracked |  0
|  411|0x000000069b000000, 0x000000069b000000, 0x000000069c000000|  0%| F|  |TAMS 0x000000069b000000| PB 0x000000069b000000| Untracked |  0
|  412|0x000000069c000000, 0x000000069c000000, 0x000000069d000000|  0%| F|  |TAMS 0x000000069c000000| PB 0x000000069c000000| Untracked |  0
|  413|0x000000069d000000, 0x000000069d000000, 0x000000069e000000|  0%| F|  |TAMS 0x000000069d000000| PB 0x000000069d000000| Untracked |  0
|  414|0x000000069e000000, 0x000000069e000000, 0x000000069f000000|  0%| F|  |TAMS 0x000000069e000000| PB 0x000000069e000000| Untracked |  0
|  415|0x000000069f000000, 0x000000069f000000, 0x00000006a0000000|  0%| F|  |TAMS 0x000000069f000000| PB 0x000000069f000000| Untracked |  0
|  416|0x00000006a0000000, 0x00000006a0000000, 0x00000006a1000000|  0%| F|  |TAMS 0x00000006a0000000| PB 0x00000006a0000000| Untracked |  0
|  417|0x00000006a1000000, 0x00000006a1000000, 0x00000006a2000000|  0%| F|  |TAMS 0x00000006a1000000| PB 0x00000006a1000000| Untracked |  0
|  418|0x00000006a2000000, 0x00000006a2000000, 0x00000006a3000000|  0%| F|  |TAMS 0x00000006a2000000| PB 0x00000006a2000000| Untracked |  0
|  419|0x00000006a3000000, 0x00000006a3000000, 0x00000006a4000000|  0%| F|  |TAMS 0x00000006a3000000| PB 0x00000006a3000000| Untracked |  0
|  420|0x00000006a4000000, 0x00000006a4000000, 0x00000006a5000000|  0%| F|  |TAMS 0x00000006a4000000| PB 0x00000006a4000000| Untracked |  0
|  421|0x00000006a5000000, 0x00000006a5000000, 0x00000006a6000000|  0%| F|  |TAMS 0x00000006a5000000| PB 0x00000006a5000000| Untracked |  0
|  422|0x00000006a6000000, 0x00000006a6000000, 0x00000006a7000000|  0%| F|  |TAMS 0x00000006a6000000| PB 0x00000006a6000000| Untracked |  0
|  423|0x00000006a7000000, 0x00000006a7000000, 0x00000006a8000000|  0%| F|  |TAMS 0x00000006a7000000| PB 0x00000006a7000000| Untracked |  0
|  424|0x00000006a8000000, 0x00000006a8000000, 0x00000006a9000000|  0%| F|  |TAMS 0x00000006a8000000| PB 0x00000006a8000000| Untracked |  0
|  425|0x00000006a9000000, 0x00000006a9000000, 0x00000006aa000000|  0%| F|  |TAMS 0x00000006a9000000| PB 0x00000006a9000000| Untracked |  0
|  426|0x00000006aa000000, 0x00000006aa000000, 0x00000006ab000000|  0%| F|  |TAMS 0x00000006aa000000| PB 0x00000006aa000000| Untracked |  0
|  427|0x00000006ab000000, 0x00000006ab000000, 0x00000006ac000000|  0%| F|  |TAMS 0x00000006ab000000| PB 0x00000006ab000000| Untracked |  0
|  428|0x00000006ac000000, 0x00000006ac000000, 0x00000006ad000000|  0%| F|  |TAMS 0x00000006ac000000| PB 0x00000006ac000000| Untracked |  0
|  429|0x00000006ad000000, 0x00000006ad000000, 0x00000006ae000000|  0%| F|  |TAMS 0x00000006ad000000| PB 0x00000006ad000000| Untracked |  0
|  430|0x00000006ae000000, 0x00000006ae000000, 0x00000006af000000|  0%| F|  |TAMS 0x00000006ae000000| PB 0x00000006ae000000| Untracked |  0
|  431|0x00000006af000000, 0x00000006af000000, 0x00000006b0000000|  0%| F|  |TAMS 0x00000006af000000| PB 0x00000006af000000| Untracked |  0
|  432|0x00000006b0000000, 0x00000006b0000000, 0x00000006b1000000|  0%| F|  |TAMS 0x00000006b0000000| PB 0x00000006b0000000| Untracked |  0
|  433|0x00000006b1000000, 0x00000006b1000000, 0x00000006b2000000|  0%| F|  |TAMS 0x00000006b1000000| PB 0x00000006b1000000| Untracked |  0
|  434|0x00000006b2000000, 0x00000006b2000000, 0x00000006b3000000|  0%| F|  |TAMS 0x00000006b2000000| PB 0x00000006b2000000| Untracked |  0
|  435|0x00000006b3000000, 0x00000006b3000000, 0x00000006b4000000|  0%| F|  |TAMS 0x00000006b3000000| PB 0x00000006b3000000| Untracked |  0
|  436|0x00000006b4000000, 0x00000006b4000000, 0x00000006b5000000|  0%| F|  |TAMS 0x00000006b4000000| PB 0x00000006b4000000| Untracked |  0
|  437|0x00000006b5000000, 0x00000006b5000000, 0x00000006b6000000|  0%| F|  |TAMS 0x00000006b5000000| PB 0x00000006b5000000| Untracked |  0
|  438|0x00000006b6000000, 0x00000006b6000000, 0x00000006b7000000|  0%| F|  |TAMS 0x00000006b6000000| PB 0x00000006b6000000| Untracked |  0
|  439|0x00000006b7000000, 0x00000006b7000000, 0x00000006b8000000|  0%| F|  |TAMS 0x00000006b7000000| PB 0x00000006b7000000| Untracked |  0
|  440|0x00000006b8000000, 0x00000006b8000000, 0x00000006b9000000|  0%| F|  |TAMS 0x00000006b8000000| PB 0x00000006b8000000| Untracked |  0
|  441|0x00000006b9000000, 0x00000006b9000000, 0x00000006ba000000|  0%| F|  |TAMS 0x00000006b9000000| PB 0x00000006b9000000| Untracked |  0
|  442|0x00000006ba000000, 0x00000006ba000000, 0x00000006bb000000|  0%| F|  |TAMS 0x00000006ba000000| PB 0x00000006ba000000| Untracked |  0
|  443|0x00000006bb000000, 0x00000006bb000000, 0x00000006bc000000|  0%| F|  |TAMS 0x00000006bb000000| PB 0x00000006bb000000| Untracked |  0
|  444|0x00000006bc000000, 0x00000006bc000000, 0x00000006bd000000|  0%| F|  |TAMS 0x00000006bc000000| PB 0x00000006bc000000| Untracked |  0
|  445|0x00000006bd000000, 0x00000006bd000000, 0x00000006be000000|  0%| F|  |TAMS 0x00000006bd000000| PB 0x00000006bd000000| Untracked |  0
|  446|0x00000006be000000, 0x00000006be000000, 0x00000006bf000000|  0%| F|  |TAMS 0x00000006be000000| PB 0x00000006be000000| Untracked |  0
|  447|0x00000006bf000000, 0x00000006bf000000, 0x00000006c0000000|  0%| F|  |TAMS 0x00000006bf000000| PB 0x00000006bf000000| Untracked |  0
|  448|0x00000006c0000000, 0x00000006c0000000, 0x00000006c1000000|  0%| F|  |TAMS 0x00000006c0000000| PB 0x00000006c0000000| Untracked |  0
|  449|0x00000006c1000000, 0x00000006c1000000, 0x00000006c2000000|  0%| F|  |TAMS 0x00000006c1000000| PB 0x00000006c1000000| Untracked |  0
|  450|0x00000006c2000000, 0x00000006c2000000, 0x00000006c3000000|  0%| F|  |TAMS 0x00000006c2000000| PB 0x00000006c2000000| Untracked |  0
|  451|0x00000006c3000000, 0x00000006c3000000, 0x00000006c4000000|  0%| F|  |TAMS 0x00000006c3000000| PB 0x00000006c3000000| Untracked |  0
|  452|0x00000006c4000000, 0x00000006c4000000, 0x00000006c5000000|  0%| F|  |TAMS 0x00000006c4000000| PB 0x00000006c4000000| Untracked |  0
|  453|0x00000006c5000000, 0x00000006c5000000, 0x00000006c6000000|  0%| F|  |TAMS 0x00000006c5000000| PB 0x00000006c5000000| Untracked |  0
|  454|0x00000006c6000000, 0x00000006c6000000, 0x00000006c7000000|  0%| F|  |TAMS 0x00000006c6000000| PB 0x00000006c6000000| Untracked |  0
|  455|0x00000006c7000000, 0x00000006c7000000, 0x00000006c8000000|  0%| F|  |TAMS 0x00000006c7000000| PB 0x00000006c7000000| Untracked |  0
|  456|0x00000006c8000000, 0x00000006c8000000, 0x00000006c9000000|  0%| F|  |TAMS 0x00000006c8000000| PB 0x00000006c8000000| Untracked |  0
|  457|0x00000006c9000000, 0x00000006c9000000, 0x00000006ca000000|  0%| F|  |TAMS 0x00000006c9000000| PB 0x00000006c9000000| Untracked |  0
|  458|0x00000006ca000000, 0x00000006ca000000, 0x00000006cb000000|  0%| F|  |TAMS 0x00000006ca000000| PB 0x00000006ca000000| Untracked |  0
|  459|0x00000006cb000000, 0x00000006cb000000, 0x00000006cc000000|  0%| F|  |TAMS 0x00000006cb000000| PB 0x00000006cb000000| Untracked |  0
|  460|0x00000006cc000000, 0x00000006cc000000, 0x00000006cd000000|  0%| F|  |TAMS 0x00000006cc000000| PB 0x00000006cc000000| Untracked |  0
|  461|0x00000006cd000000, 0x00000006cd000000, 0x00000006ce000000|  0%| F|  |TAMS 0x00000006cd000000| PB 0x00000006cd000000| Untracked |  0
|  462|0x00000006ce000000, 0x00000006ce000000, 0x00000006cf000000|  0%| F|  |TAMS 0x00000006ce000000| PB 0x00000006ce000000| Untracked |  0
|  463|0x00000006cf000000, 0x00000006cf000000, 0x00000006d0000000|  0%| F|  |TAMS 0x00000006cf000000| PB 0x00000006cf000000| Untracked |  0
|  464|0x00000006d0000000, 0x00000006d0000000, 0x00000006d1000000|  0%| F|  |TAMS 0x00000006d0000000| PB 0x00000006d0000000| Untracked |  0
|  465|0x00000006d1000000, 0x00000006d1000000, 0x00000006d2000000|  0%| F|  |TAMS 0x00000006d1000000| PB 0x00000006d1000000| Untracked |  0
|  466|0x00000006d2000000, 0x00000006d2000000, 0x00000006d3000000|  0%| F|  |TAMS 0x00000006d2000000| PB 0x00000006d2000000| Untracked |  0
|  467|0x00000006d3000000, 0x00000006d3000000, 0x00000006d4000000|  0%| F|  |TAMS 0x00000006d3000000| PB 0x00000006d3000000| Untracked |  0
|  468|0x00000006d4000000, 0x00000006d4000000, 0x00000006d5000000|  0%| F|  |TAMS 0x00000006d4000000| PB 0x00000006d4000000| Untracked |  0
|  469|0x00000006d5000000, 0x00000006d5000000, 0x00000006d6000000|  0%| F|  |TAMS 0x00000006d5000000| PB 0x00000006d5000000| Untracked |  0
|  470|0x00000006d6000000, 0x00000006d6000000, 0x00000006d7000000|  0%| F|  |TAMS 0x00000006d6000000| PB 0x00000006d6000000| Untracked |  0
|  471|0x00000006d7000000, 0x00000006d7000000, 0x00000006d8000000|  0%| F|  |TAMS 0x00000006d7000000| PB 0x00000006d7000000| Untracked |  0
|  472|0x00000006d8000000, 0x00000006d8000000, 0x00000006d9000000|  0%| F|  |TAMS 0x00000006d8000000| PB 0x00000006d8000000| Untracked |  0
|  473|0x00000006d9000000, 0x00000006d9000000, 0x00000006da000000|  0%| F|  |TAMS 0x00000006d9000000| PB 0x00000006d9000000| Untracked |  0
|  474|0x00000006da000000, 0x00000006da000000, 0x00000006db000000|  0%| F|  |TAMS 0x00000006da000000| PB 0x00000006da000000| Untracked |  0
|  475|0x00000006db000000, 0x00000006db000000, 0x00000006dc000000|  0%| F|  |TAMS 0x00000006db000000| PB 0x00000006db000000| Untracked |  0
|  476|0x00000006dc000000, 0x00000006dc000000, 0x00000006dd000000|  0%| F|  |TAMS 0x00000006dc000000| PB 0x00000006dc000000| Untracked |  0
|  477|0x00000006dd000000, 0x00000006dd000000, 0x00000006de000000|  0%| F|  |TAMS 0x00000006dd000000| PB 0x00000006dd000000| Untracked |  0
|  478|0x00000006de000000, 0x00000006de000000, 0x00000006df000000|  0%| F|  |TAMS 0x00000006de000000| PB 0x00000006de000000| Untracked |  0
|  479|0x00000006df000000, 0x00000006df000000, 0x00000006e0000000|  0%| F|  |TAMS 0x00000006df000000| PB 0x00000006df000000| Untracked |  0
|  480|0x00000006e0000000, 0x00000006e0000000, 0x00000006e1000000|  0%| F|  |TAMS 0x00000006e0000000| PB 0x00000006e0000000| Untracked |  0
|  481|0x00000006e1000000, 0x00000006e1000000, 0x00000006e2000000|  0%| F|  |TAMS 0x00000006e1000000| PB 0x00000006e1000000| Untracked |  0
|  482|0x00000006e2000000, 0x00000006e2000000, 0x00000006e3000000|  0%| F|  |TAMS 0x00000006e2000000| PB 0x00000006e2000000| Untracked |  0
|  483|0x00000006e3000000, 0x00000006e4000000, 0x00000006e4000000|100%| O|Cr|TAMS 0x00000006e3000000| PB 0x00000006e3000000| Complete  |  1
|  484|0x00000006e4000000, 0x00000006e4000000, 0x00000006e5000000|  0%| F|  |TAMS 0x00000006e4000000| PB 0x00000006e4000000| Untracked |  0
|  485|0x00000006e5000000, 0x00000006e5000000, 0x00000006e6000000|  0%| F|  |TAMS 0x00000006e5000000| PB 0x00000006e5000000| Untracked |  0
|  486|0x00000006e6000000, 0x00000006e6000000, 0x00000006e7000000|  0%| F|  |TAMS 0x00000006e6000000| PB 0x00000006e6000000| Untracked |  0
|  487|0x00000006e7000000, 0x00000006e7000000, 0x00000006e8000000|  0%| F|  |TAMS 0x00000006e7000000| PB 0x00000006e7000000| Untracked |  0
|  488|0x00000006e8000000, 0x00000006e8000000, 0x00000006e9000000|  0%| F|  |TAMS 0x00000006e8000000| PB 0x00000006e8000000| Untracked |  0
|  489|0x00000006e9000000, 0x00000006e9000000, 0x00000006ea000000|  0%| F|  |TAMS 0x00000006e9000000| PB 0x00000006e9000000| Untracked |  0
|  490|0x00000006ea000000, 0x00000006ea000000, 0x00000006eb000000|  0%| F|  |TAMS 0x00000006ea000000| PB 0x00000006ea000000| Untracked |  0
|  491|0x00000006eb000000, 0x00000006eb000000, 0x00000006ec000000|  0%| F|  |TAMS 0x00000006eb000000| PB 0x00000006eb000000| Untracked |  0
|  492|0x00000006ec000000, 0x00000006ec000000, 0x00000006ed000000|  0%| F|  |TAMS 0x00000006ec000000| PB 0x00000006ec000000| Untracked |  0
|  493|0x00000006ed000000, 0x00000006ed000000, 0x00000006ee000000|  0%| F|  |TAMS 0x00000006ed000000| PB 0x00000006ed000000| Untracked |  0
|  494|0x00000006ee000000, 0x00000006ee000000, 0x00000006ef000000|  0%| F|  |TAMS 0x00000006ee000000| PB 0x00000006ee000000| Untracked |  0
|  495|0x00000006ef000000, 0x00000006ef000000, 0x00000006f0000000|  0%| F|  |TAMS 0x00000006ef000000| PB 0x00000006ef000000| Untracked |  0
|  496|0x00000006f0000000, 0x00000006f0000000, 0x00000006f1000000|  0%| F|  |TAMS 0x00000006f0000000| PB 0x00000006f0000000| Untracked |  0
|  497|0x00000006f1000000, 0x00000006f1000000, 0x00000006f2000000|  0%| F|  |TAMS 0x00000006f1000000| PB 0x00000006f1000000| Untracked |  0
|  498|0x00000006f2000000, 0x00000006f2000000, 0x00000006f3000000|  0%| F|  |TAMS 0x00000006f2000000| PB 0x00000006f2000000| Untracked |  0
|  499|0x00000006f3000000, 0x00000006f3000000, 0x00000006f4000000|  0%| F|  |TAMS 0x00000006f3000000| PB 0x00000006f3000000| Untracked |  0
|  500|0x00000006f4000000, 0x00000006f4000000, 0x00000006f5000000|  0%| F|  |TAMS 0x00000006f4000000| PB 0x00000006f4000000| Untracked |  0
|  501|0x00000006f5000000, 0x00000006f5000000, 0x00000006f6000000|  0%| F|  |TAMS 0x00000006f5000000| PB 0x00000006f5000000| Untracked |  0
|  502|0x00000006f6000000, 0x00000006f6000000, 0x00000006f7000000|  0%| F|  |TAMS 0x00000006f6000000| PB 0x00000006f6000000| Untracked |  0
|  503|0x00000006f7000000, 0x00000006f7000000, 0x00000006f8000000|  0%| F|  |TAMS 0x00000006f7000000| PB 0x00000006f7000000| Untracked |  0
|  504|0x00000006f8000000, 0x00000006f8000000, 0x00000006f9000000|  0%| F|  |TAMS 0x00000006f8000000| PB 0x00000006f8000000| Untracked |  0
|  505|0x00000006f9000000, 0x00000006f9000000, 0x00000006fa000000|  0%| F|  |TAMS 0x00000006f9000000| PB 0x00000006f9000000| Untracked |  0
|  506|0x00000006fa000000, 0x00000006fa000000, 0x00000006fb000000|  0%| F|  |TAMS 0x00000006fa000000| PB 0x00000006fa000000| Untracked |  0
|  507|0x00000006fb000000, 0x00000006fb000000, 0x00000006fc000000|  0%| F|  |TAMS 0x00000006fb000000| PB 0x00000006fb000000| Untracked |  0
|  508|0x00000006fc000000, 0x00000006fc000000, 0x00000006fd000000|  0%| F|  |TAMS 0x00000006fc000000| PB 0x00000006fc000000| Untracked |  0
|  509|0x00000006fd000000, 0x00000006fd000000, 0x00000006fe000000|  0%| F|  |TAMS 0x00000006fd000000| PB 0x00000006fd000000| Untracked |  0
|  510|0x00000006fe000000, 0x00000006fe000000, 0x00000006ff000000|  0%| F|  |TAMS 0x00000006fe000000| PB 0x00000006fe000000| Untracked |  0
|  511|0x00000006ff000000, 0x00000006ff000000, 0x0000000700000000|  0%| F|  |TAMS 0x00000006ff000000| PB 0x00000006ff000000| Untracked |  0
|  767|0x00000007ff000000, 0x00000007ff000000, 0x0000000800000000|  0%| F|  |TAMS 0x00000007ff000000| PB 0x00000007ff000000| Untracked |  0

Card table byte_map: [0x000001a730ad0000,0x000001a7322d0000] _byte_map_base: 0x000001a72e2d0000
Refinement table byte_map: [0x000001a7322d0000,0x000001a733ad0000] _byte_map_base: 0x000001a72fad0000

Marking Bits: (CMBitMap*) 0x000001a716bb9430
 Bits: [0x000001a733ad0000, 0x000001a73fad0000)

Polling page: 0x000001a7149c0000

Metaspace:
Metaspace        used 132955K, committed 134400K, reserved 1179648K
 class space     used 21834K, committed 22464K, reserved 1048576K

Usage:
  Non-class:    108.52 MB used.
      Class:     21.32 MB used.
       Both:    129.84 MB used.

Virtual space:
  Non-class space:      128.00 MB reserved,     109.31 MB ( 85%) committed,  2 nodes.
      Class space:        1.00 GB reserved,      21.94 MB (  2%) committed,  1 nodes.
             Both:        1.12 GB reserved,     131.25 MB ( 11%) committed. 

Chunk freelists:
   Non-Class:  2.73 MB
       Class:  9.98 MB
        Both:  12.71 MB

MaxMetaspaceSize: unlimited
CompressedClassSpaceSize: 1.00 GB
Initial GC threshold: 21.00 MB
Current GC threshold: 169.38 MB
CDS: on
 - commit_granule_bytes: 65536.
 - commit_granule_words: 8192.
 - virtual_space_node_default_size: 8388608.
 - enlarge_chunks_in_place: 1.
UseCompressedClassPointers 1, UseCompactObjectHeaders 0
Narrow klass pointer bits 32, Max shift 3
Narrow klass base: 0x0000000038000000, Narrow klass shift: 0
Encoding Range: [0x0000000038000000 - 0x0000000138000000), (4294967296 bytes)
Klass Range:    [0x0000000038000000 - 0x0000000079000000), (1090519040 bytes)
Klass ID Range:  [8 - 1090519033) (1090519025)
Protection zone: [0x0000000038000000 - 0x0000000038010000), (65536 bytes)


Internal statistics:

num_allocs_failed_limit: 24.
num_arena_births: 2144.
num_arena_deaths: 2.
num_vsnodes_births: 3.
num_vsnodes_deaths: 0.
num_space_committed: 2095.
num_space_uncommitted: 0.
num_chunks_returned_to_freelist: 31.
num_chunks_taken_from_freelist: 7302.
num_chunk_merges: 18.
num_chunk_splits: 4724.
num_chunks_enlarged: 3509.
num_inconsistent_stats: 0.

CodeHeap 'non-profiled nmethods': size=119168Kb used=15537Kb max_used=15537Kb free=103630Kb
 bounds [0x000001a7275f0000, 0x000001a728520000, 0x000001a72ea50000]
CodeHeap 'profiled nmethods': size=119168Kb used=36663Kb max_used=36663Kb free=82504Kb
 bounds [0x000001a71fa40000, 0x000001a721e10000, 0x000001a726ea0000]
CodeHeap 'non-nmethods': size=7488Kb used=4284Kb max_used=4381Kb free=3203Kb
 bounds [0x000001a726ea0000, 0x000001a727310000, 0x000001a7275f0000]
CodeCache: size=245824Kb, used=56484Kb, max_used=56581Kb, free=189337Kb
 total_blobs=26438, nmethods=24748, adapters=1584, full_count=0
Compilation: enabled, stopped_count=0, restarted_count=0

Compilation events (20 events):
Event: 577.720 Thread 0x000001a74dc733a0 nmethod 26956 0x000001a721e0b708 code [0x000001a721e0b800, 0x000001a721e0bf78]
Event: 577.722 Thread 0x000001a74dc733a0 26957       1       com.google.common.collect.StandardTable$Row$2::delegate (5 bytes)
Event: 577.722 Thread 0x000001a74dc733a0 nmethod 26957 0x000001a728519b08 code [0x000001a728519c00, 0x000001a728519cb8]
Event: 577.723 Thread 0x000001a742abdbe0 26958       3       net.minecraft.world.entity.Entity::distanceTo (51 bytes)
Event: 577.724 Thread 0x000001a742abdbe0 nmethod 26958 0x000001a721e0bf88 code [0x000001a721e0c080, 0x000001a721e0c778]
Event: 577.730 Thread 0x000001a742abdbe0 26959       1       net.minecraft.network.protocol.game.ServerboundMovePlayerPacket::isOnGround (5 bytes)
Event: 577.730 Thread 0x000001a742abdbe0 nmethod 26959 0x000001a728519e08 code [0x000001a728519f00, 0x000001a728519fb8]
Event: 577.731 Thread 0x000001a74dc73bb0 26960       3       com.google.common.collect.StandardTable$Row::updateBackingRowMapField (47 bytes)
Event: 577.731 Thread 0x000001a74dc73bb0 nmethod 26960 0x000001a721e0c788 code [0x000001a721e0c880, 0x000001a721e0ce60]
Event: 577.734 Thread 0x000001a742abdbe0 26961       3       journeymap.common.properties.config.GsonHelper::<init> (21 bytes)
Event: 577.734 Thread 0x000001a742abdbe0 nmethod 26961 0x000001a721e0ce88 code [0x000001a721e0cf80, 0x000001a721e0d228]
Event: 577.734 Thread 0x000001a74dc6fb30 26962       3       journeymap.common.properties.config.GsonHelper$BooleanFieldSerializer::deserialize (8 bytes)
Event: 577.735 Thread 0x000001a74dc6fb30 nmethod 26962 0x000001a721e0d288 code [0x000001a721e0d380, 0x000001a721e0d4c8]
Event: 577.735 Thread 0x000001a74dc73bb0 26963       3       journeymap.common.properties.config.BooleanField::<init> (5 bytes)
Event: 577.735 Thread 0x000001a74dc73bb0 nmethod 26963 0x000001a721e0d588 code [0x000001a721e0d680, 0x000001a721e0dd30]
Event: 577.740 Thread 0x000001a742ab7970 nmethod 26953 0x000001a72851a108 code [0x000001a72851a200, 0x000001a72851b7c0]
Event: 577.740 Thread 0x000001a742ab7970 26955       4       net.minecraft.server.level.ChunkMap$TrackedEntity::updatePlayer (218 bytes)
Event: 577.762 Thread 0x000001a742ab7970 nmethod 26955 0x000001a72851b808 code [0x000001a72851b900, 0x000001a72851c330]
Event: 577.762 Thread 0x000001a742ab7970 26964       4       java.lang.Boolean::toString (8 bytes)
Event: 577.763 Thread 0x000001a742ab7970 nmethod 26964 0x000001a72851c388 code [0x000001a72851c480, 0x000001a72851c508]

GC Heap Usage History (13 events):
Event: 2.965 {heap Before GC invocations=0 (full 0):
 garbage-first heap   total reserved 12582912K, committed 8404992K, used 410783K [0x0000000500000000, 0x0000000800000000)
  region size 16M, 26 eden (416M), 0 survivor (0M), 1 old (16M), 0 humongous (0M), 486 free (7776M)
}
Event: 2.979 {heap After GC invocations=1 (full 0):
 garbage-first heap   total reserved 12582912K, committed 8404992K, used 37535K [0x0000000500000000, 0x0000000800000000)
  region size 16M, 0 eden (0M), 3 survivor (48M), 1 old (16M), 0 humongous (0M), 509 free (8144M)
}
Event: 5.302 {heap Before GC invocations=2 (full 0):
 garbage-first heap   total reserved 12582912K, committed 8404992K, used 266911K [0x0000000500000000, 0x0000000800000000)
  region size 16M, 14 eden (224M), 3 survivor (48M), 1 old (16M), 1 humongous (16M), 494 free (7904M)
}
Event: 5.315 {heap After GC invocations=3 (full 0):
 garbage-first heap   total reserved 12582912K, committed 8404992K, used 64370K [0x0000000500000000, 0x0000000800000000)
  region size 16M, 0 eden (0M), 1 survivor (16M), 4 old (64M), 1 humongous (16M), 507 free (8112M)
}
Event: 5.354 {heap Before GC invocations=3 (full 0):
 garbage-first heap   total reserved 12582912K, committed 8404992K, used 80754K [0x0000000500000000, 0x0000000800000000)
  region size 16M, 2 eden (32M), 1 survivor (16M), 4 old (64M), 1 humongous (16M), 505 free (8080M)
}
Event: 5.361 {heap After GC invocations=4 (full 0):
 garbage-first heap   total reserved 12582912K, committed 8404992K, used 65559K [0x0000000500000000, 0x0000000800000000)
  region size 16M, 0 eden (0M), 1 survivor (16M), 3 old (48M), 1 humongous (16M), 508 free (8128M)
}
Event: 5.417 {heap Before GC invocations=4 (full 0):
 garbage-first heap   total reserved 12582912K, committed 8404992K, used 65559K [0x0000000500000000, 0x0000000800000000)
  region size 16M, 1 eden (16M), 1 survivor (16M), 3 old (48M), 1 humongous (16M), 507 free (8112M)
}
Event: 5.420 {heap After GC invocations=5 (full 0):
 garbage-first heap   total reserved 12582912K, committed 8404992K, used 65558K [0x0000000500000000, 0x0000000800000000)
  region size 16M, 0 eden (0M), 1 survivor (16M), 3 old (48M), 1 humongous (16M), 508 free (8128M)
}
Event: 9.039 {heap Before GC invocations=6 (full 0):
 garbage-first heap   total reserved 12582912K, committed 8404992K, used 638998K [0x0000000500000000, 0x0000000800000000)
  region size 16M, 36 eden (576M), 1 survivor (16M), 3 old (48M), 1 humongous (16M), 472 free (7552M)
}
Event: 9.054 {heap After GC invocations=7 (full 0):
 garbage-first heap   total reserved 12582912K, committed 8404992K, used 99976K [0x0000000500000000, 0x0000000800000000)
  region size 16M, 0 eden (0M), 3 survivor (48M), 3 old (48M), 1 humongous (16M), 506 free (8096M)
}
Event: 14.628 {heap Before GC invocations=8 (full 0):
 garbage-first heap   total reserved 12582912K, committed 8404992K, used 1361544K [0x0000000500000000, 0x0000000800000000)
  region size 16M, 78 eden (1248M), 3 survivor (48M), 3 old (48M), 1 humongous (16M), 428 free (6848M)
}
Event: 14.661 {heap After GC invocations=9 (full 0):
 garbage-first heap   total reserved 12582912K, committed 8404992K, used 144869K [0x0000000500000000, 0x0000000800000000)
  region size 16M, 0 eden (0M), 3 survivor (48M), 5 old (80M), 1 humongous (16M), 504 free (8064M)
}
Event: 577.765 {heap Before GC invocations=10 (full 0):
 garbage-first heap   total reserved 12582912K, committed 8404992K, used 3356133K [0x0000000500000000, 0x0000000800000000)
  region size 16M, 197 eden (3152M), 3 survivor (48M), 5 old (80M), 1 humongous (16M), 307 free (4912M)
}

Metaspace Usage History (13 events):
Event: 2.965 {metaspace Before GC invocations=0 (full 0):
 Metaspace       used 21168K, committed 21504K, reserved 1114112K
  class space    used 2497K, committed 2688K, reserved 1048576K
}
Event: 2.979 {metaspace After GC invocations=1 (full 0):
 Metaspace       used 21168K, committed 21504K, reserved 1114112K
  class space    used 2497K, committed 2688K, reserved 1048576K
}
Event: 5.302 {metaspace Before GC invocations=2 (full 0):
 Metaspace       used 35601K, committed 36096K, reserved 1114112K
  class space    used 4428K, committed 4672K, reserved 1048576K
}
Event: 5.315 {metaspace After GC invocations=3 (full 0):
 Metaspace       used 35601K, committed 36096K, reserved 1114112K
  class space    used 4428K, committed 4672K, reserved 1048576K
}
Event: 5.354 {metaspace Before GC invocations=3 (full 0):
 Metaspace       used 35945K, committed 36416K, reserved 1114112K
  class space    used 4482K, committed 4672K, reserved 1048576K
}
Event: 5.361 {metaspace After GC invocations=4 (full 0):
 Metaspace       used 35945K, committed 36416K, reserved 1114112K
  class space    used 4482K, committed 4672K, reserved 1048576K
}
Event: 5.417 {metaspace Before GC invocations=4 (full 0):
 Metaspace       used 36277K, committed 36736K, reserved 1114112K
  class space    used 4574K, committed 4800K, reserved 1048576K
}
Event: 5.420 {metaspace After GC invocations=5 (full 0):
 Metaspace       used 36277K, committed 36736K, reserved 1114112K
  class space    used 4574K, committed 4800K, reserved 1048576K
}
Event: 9.039 {metaspace Before GC invocations=6 (full 0):
 Metaspace       used 61029K, committed 61696K, reserved 1114112K
  class space    used 10000K, committed 10304K, reserved 1048576K
}
Event: 9.054 {metaspace After GC invocations=7 (full 0):
 Metaspace       used 61029K, committed 61696K, reserved 1114112K
  class space    used 10000K, committed 10304K, reserved 1048576K
}
Event: 14.628 {metaspace Before GC invocations=8 (full 0):
 Metaspace       used 102688K, committed 103680K, reserved 1179648K
  class space    used 17398K, committed 17856K, reserved 1048576K
}
Event: 14.661 {metaspace After GC invocations=9 (full 0):
 Metaspace       used 102688K, committed 103680K, reserved 1179648K
  class space    used 17398K, committed 17856K, reserved 1048576K
}
Event: 577.765 {metaspace Before GC invocations=10 (full 0):
 Metaspace       used 132955K, committed 134400K, reserved 1179648K
  class space    used 21834K, committed 22464K, reserved 1048576K
}

Dll operation events (20 events):
Event: 1.268 Attempting to load shared library C:\Program Files\Eclipse Adoptium\jdk-26.0.2.10-hotspot\bin\management_ext.dll
Event: 1.308 Loaded shared library C:\Program Files\Eclipse Adoptium\jdk-26.0.2.10-hotspot\bin\management_ext.dll
Event: 1.389 Attempting to load shared library C:\Program Files\Eclipse Adoptium\jdk-26.0.2.10-hotspot\bin\verify.dll
Event: 1.435 Loaded shared library C:\Program Files\Eclipse Adoptium\jdk-26.0.2.10-hotspot\bin\verify.dll
Event: 3.130 Attempting to load shared library C:\Users\adamh\AppData\Local\Temp\jna-92657337\jna7067735087574706284.dll
Event: 3.143 Loaded shared library C:\Users\adamh\AppData\Local\Temp\jna-92657337\jna7067735087574706284.dll
Event: 10.810 Attempting to load shared library C:\Windows\System32\ucrtbase.dll
Event: 10.810 Loaded shared library C:\Windows\System32\ucrtbase.dll
Event: 10.811 Attempting to load shared library C:\Program Files\Eclipse Adoptium\jdk-26.0.2.10-hotspot\bin\syslookup.dll
Event: 10.843 Loaded shared library C:\Program Files\Eclipse Adoptium\jdk-26.0.2.10-hotspot\bin\syslookup.dll
Event: 11.276 Attempting to load shared library C:\Program Files\Eclipse Adoptium\jdk-26.0.2.10-hotspot\bin\sunmscapi.dll
Event: 11.319 Loaded shared library C:\Program Files\Eclipse Adoptium\jdk-26.0.2.10-hotspot\bin\sunmscapi.dll
Event: 11.387 Attempting to load shared library C:\Program Files\Eclipse Adoptium\jdk-26.0.2.10-hotspot\bin\extnet.dll
Event: 11.425 Loaded shared library C:\Program Files\Eclipse Adoptium\jdk-26.0.2.10-hotspot\bin\extnet.dll
Event: 14.409 Attempting to load shared library C:\Program Files\Eclipse Adoptium\jdk-26.0.2.10-hotspot\bin\awt.dll
Event: 14.485 Loaded shared library C:\Program Files\Eclipse Adoptium\jdk-26.0.2.10-hotspot\bin\awt.dll
Event: 14.774 Attempting to load shared library C:\Program Files\Eclipse Adoptium\jdk-26.0.2.10-hotspot\bin\freetype.dll
Event: 14.825 Loaded shared library C:\Program Files\Eclipse Adoptium\jdk-26.0.2.10-hotspot\bin\freetype.dll
Event: 14.826 Attempting to load shared library C:\Program Files\Eclipse Adoptium\jdk-26.0.2.10-hotspot\bin\fontmanager.dll
Event: 14.902 Loaded shared library C:\Program Files\Eclipse Adoptium\jdk-26.0.2.10-hotspot\bin\fontmanager.dll

Deoptimization events (20 events):
Event: 576.970 Thread 0x000001a75628c110 Uncommon trap: trap_request=0xffffffde fr.pc=0x000001a72815d6e0 relative=0x00000000000001e0
Event: 576.970 Thread 0x000001a75628c110 Uncommon trap: reason=class_check action=maybe_recompile pc=0x000001a72815d6e0 method=com.google.common.collect.Iterators$5.computeNext()Ljava/lang/Object; @ 4 c2
Event: 576.970 Thread 0x000001a75628c110 DEOPT PACKING pc=0x000001a72815d6e0 sp=0x0000006cee5fe3a0
Event: 576.970 Thread 0x000001a75628c110 DEOPT UNPACKING pc=0x000001a726fc3902 sp=0x0000006cee5fe330 mode 2
Event: 577.499 Thread 0x000001a75628c110 Uncommon trap: trap_request=0xffffff45 fr.pc=0x000001a7284800ac relative=0x0000000000000dac
Event: 577.499 Thread 0x000001a75628c110 Uncommon trap: reason=unstable_if action=reinterpret pc=0x000001a7284800ac method=io.netty.util.internal.shaded.org.jctools.queues.atomic.BaseMpscLinkedAtomicArrayQueue.offer(Ljava/lang/Object;)Z @ 69 c2
Event: 577.499 Thread 0x000001a75628c110 DEOPT PACKING pc=0x000001a7284800ac sp=0x0000006cee5fe870
Event: 577.499 Thread 0x000001a75628c110 DEOPT UNPACKING pc=0x000001a726fc3902 sp=0x0000006cee5fe4a0 mode 2
Event: 577.578 Thread 0x000001a75628c110 Uncommon trap: trap_request=0xffffff45 fr.pc=0x000001a728384148 relative=0x0000000000000248
Event: 577.578 Thread 0x000001a75628c110 Uncommon trap: reason=unstable_if action=reinterpret pc=0x000001a728384148 method=net.minecraft.world.level.block.SpreadingSnowyBlock.canPropagate(Lnet/minecraft/world/level/block/state/BlockState;Lnet/minecraft/world/level/LevelReader;Lnet/minecraft/core
Event: 577.578 Thread 0x000001a75628c110 DEOPT PACKING pc=0x000001a728384148 sp=0x0000006cee5fe620
Event: 577.578 Thread 0x000001a75628c110 DEOPT UNPACKING pc=0x000001a726fc3902 sp=0x0000006cee5fe5c0 mode 2
Event: 577.705 Thread 0x000001a75628c110 Uncommon trap: trap_request=0xffffff45 fr.pc=0x000001a7284e81b0 relative=0x0000000000000410
Event: 577.705 Thread 0x000001a75628c110 Uncommon trap: reason=unstable_if action=reinterpret pc=0x000001a7284e81b0 method=net.minecraft.world.entity.ai.control.LookControl.tick()V @ 4 c2
Event: 577.705 Thread 0x000001a75628c110 DEOPT PACKING pc=0x000001a7284e81b0 sp=0x0000006cee5fe760
Event: 577.705 Thread 0x000001a75628c110 DEOPT UNPACKING pc=0x000001a726fc3902 sp=0x0000006cee5fe730 mode 2
Event: 577.719 Thread 0x000001a75628c110 Uncommon trap: trap_request=0xffffff45 fr.pc=0x000001a72833a540 relative=0x00000000000008a0
Event: 577.719 Thread 0x000001a75628c110 Uncommon trap: reason=unstable_if action=reinterpret pc=0x000001a72833a540 method=net.minecraft.world.entity.Entity.setPosRaw(DDD)V @ 239 c2
Event: 577.719 Thread 0x000001a75628c110 DEOPT PACKING pc=0x000001a72833a540 sp=0x0000006cee5fecf0
Event: 577.719 Thread 0x000001a75628c110 DEOPT UNPACKING pc=0x000001a726fc3902 sp=0x0000006cee5fec68 mode 2

Classes loaded (20 events):
Event: 566.384 Loading class java/util/AbstractList$ListItr
Event: 566.385 Loading class java/util/AbstractList$ListItr done
Event: 566.467 Loading class java/util/Spliterators$EmptySpliterator$OfLong
Event: 566.467 Loading class java/util/Spliterators$EmptySpliterator$OfLong done
Event: 566.470 Loading class java/util/stream/LongPipeline$1
Event: 566.470 Loading class java/util/stream/LongPipeline$1 done
Event: 566.470 Loading class java/util/stream/LongPipeline$1$1
Event: 566.471 Loading class java/util/stream/LongPipeline$1$1 done
Event: 566.782 Loading class java/util/zip/CRC32C
Event: 566.782 Loading class java/util/zip/CRC32C done
Event: 566.891 Loading class sun/nio/ch/IOUtil$Releaser
Event: 566.892 Loading class sun/nio/ch/IOUtil$Releaser done
Event: 566.892 Loading class sun/nio/ch/IOUtil$LinkedRunnable
Event: 566.892 Loading class sun/nio/ch/IOUtil$LinkedRunnable done
Event: 567.453 Loading class java/util/Spliterators$LongIteratorSpliterator
Event: 567.453 Loading class java/util/Spliterators$LongIteratorSpliterator done
Event: 568.093 Loading class java/time/MonthDay
Event: 568.094 Loading class java/time/MonthDay done
Event: 568.340 Loading class jdk/internal/util/NullableKeyValueHolder
Event: 568.341 Loading class jdk/internal/util/NullableKeyValueHolder done

Classes unloaded (7 events):
Event: 5.458 Thread 0x000001a742313740 Unloading class 0x0000000039057000 'net/minecraft/bundler/Main$$Lambda+0x0000000039057000'
Event: 5.458 Thread 0x000001a742313740 Unloading class 0x0000000039055c40 'net/minecraft/bundler/Main$$Lambda+0x0000000039055c40'
Event: 5.458 Thread 0x000001a742313740 Unloading class 0x0000000039055a28 'net/minecraft/bundler/Main$FileEntry'
Event: 5.458 Thread 0x000001a742313740 Unloading class 0x0000000039055800 'net/minecraft/bundler/Main$$Lambda+0x0000000039055800'
Event: 5.458 Thread 0x000001a742313740 Unloading class 0x0000000039054418 'net/minecraft/bundler/Main$$Lambda+0x0000000039054418'
Event: 5.458 Thread 0x000001a742313740 Unloading class 0x0000000039054210 'net/minecraft/bundler/Main$ResourceParser'
Event: 5.458 Thread 0x000001a742313740 Unloading class 0x0000000039054000 'net/minecraft/bundler/Main'

Classes redefined (0 events):
No events

Internal exceptions (20 events):
Event: 577.371 Thread 0x000001a75628c110 Exception <a 'sun/nio/fs/WindowsException'{0x000000063ba151d0}> (0x000000063ba151d0) 
thrown [s\src\hotspot\share\prims\jni.cpp, line 514]
Event: 577.372 Thread 0x000001a75628c110 Exception <a 'sun/nio/fs/WindowsException'{0x000000063ba470c8}> (0x000000063ba470c8) 
thrown [s\src\hotspot\share\prims\jni.cpp, line 514]
Event: 577.373 Thread 0x000001a75628c110 Exception <a 'sun/nio/fs/WindowsException'{0x000000063ba5fcd8}> (0x000000063ba5fcd8) 
thrown [s\src\hotspot\share\prims\jni.cpp, line 514]
Event: 577.373 Thread 0x000001a75628c110 Exception <a 'sun/nio/fs/WindowsException'{0x000000063baa0cd0}> (0x000000063baa0cd0) 
thrown [s\src\hotspot\share\prims\jni.cpp, line 514]
Event: 577.375 Thread 0x000001a75628c110 Exception <a 'sun/nio/fs/WindowsException'{0x000000063a027cd0}> (0x000000063a027cd0) 
thrown [s\src\hotspot\share\prims\jni.cpp, line 514]
Event: 577.376 Thread 0x000001a75628c110 Exception <a 'sun/nio/fs/WindowsException'{0x000000063a084178}> (0x000000063a084178) 
thrown [s\src\hotspot\share\prims\jni.cpp, line 514]
Event: 577.378 Thread 0x000001a75628c110 Exception <a 'sun/nio/fs/WindowsException'{0x000000063a0f4100}> (0x000000063a0f4100) 
thrown [s\src\hotspot\share\prims\jni.cpp, line 514]
Event: 577.378 Thread 0x000001a75628c110 Exception <a 'sun/nio/fs/WindowsException'{0x000000063a101e10}> (0x000000063a101e10) 
thrown [s\src\hotspot\share\prims\jni.cpp, line 514]
Event: 577.379 Thread 0x000001a75628c110 Exception <a 'sun/nio/fs/WindowsException'{0x000000063a145248}> (0x000000063a145248) 
thrown [s\src\hotspot\share\prims\jni.cpp, line 514]
Event: 577.381 Thread 0x000001a75628c110 Exception <a 'sun/nio/fs/WindowsException'{0x000000063a19a0a0}> (0x000000063a19a0a0) 
thrown [s\src\hotspot\share\prims\jni.cpp, line 514]
Event: 577.381 Thread 0x000001a75628c110 Exception <a 'sun/nio/fs/WindowsException'{0x000000063a1b6da8}> (0x000000063a1b6da8) 
thrown [s\src\hotspot\share\prims\jni.cpp, line 514]
Event: 577.382 Thread 0x000001a75628c110 Exception <a 'sun/nio/fs/WindowsException'{0x000000063a1c0900}> (0x000000063a1c0900) 
thrown [s\src\hotspot\share\prims\jni.cpp, line 514]
Event: 577.387 Thread 0x000001a75628c110 Exception <a 'sun/nio/fs/WindowsException'{0x000000063a220690}> (0x000000063a220690) 
thrown [s\src\hotspot\share\prims\jni.cpp, line 514]
Event: 577.388 Thread 0x000001a75628c110 Exception <a 'sun/nio/fs/WindowsException'{0x000000063a2328f8}> (0x000000063a2328f8) 
thrown [s\src\hotspot\share\prims\jni.cpp, line 514]
Event: 577.394 Thread 0x000001a75628c110 Exception <a 'sun/nio/fs/WindowsException'{0x000000063a2963a8}> (0x000000063a2963a8) 
thrown [s\src\hotspot\share\prims\jni.cpp, line 514]
Event: 577.396 Thread 0x000001a75628c110 Exception <a 'sun/nio/fs/WindowsException'{0x000000063a2c02f8}> (0x000000063a2c02f8) 
thrown [s\src\hotspot\share\prims\jni.cpp, line 514]
Event: 577.398 Thread 0x000001a75628c110 Exception <a 'sun/nio/fs/WindowsException'{0x000000063a337468}> (0x000000063a337468) 
thrown [s\src\hotspot\share\prims\jni.cpp, line 514]
Event: 577.398 Thread 0x000001a75628c110 Exception <a 'sun/nio/fs/WindowsException'{0x000000063a341588}> (0x000000063a341588) 
thrown [s\src\hotspot\share\prims\jni.cpp, line 514]
Event: 577.468 Thread 0x000001a75628c110 Exception <a 'java/lang/NoSuchMethodError'{0x000000063a636038}: 'java.lang.Object java.lang.invoke.DirectMethodHandle$Holder.invokeStaticInit(java.lang.Object, java.lang.Object, java.lang.Object, java.lang.Object, int)'> (0x000000063a636038) 
thrown [s\src\hotspot\share\interpreter\linkResolver.cpp, line 804]
Event: 577.702 Thread 0x000001a75628c110 Exception <a 'java/lang/NoSuchMethodError'{0x00000006394508f0}: 'java.lang.Object java.lang.invoke.DirectMethodHandle$Holder.newInvokeSpecial(java.lang.Object, int, int, int, int, int, int, int)'> (0x00000006394508f0) 
thrown [s\src\hotspot\share\interpreter\linkResolver.cpp, line 804]

VM Operations (20 events):
Event: 566.784 Executing non-safepoint VM operation: HandshakeAllThreads (Deoptimize) done
Event: 566.869 Executing non-safepoint VM operation: HandshakeAllThreads (Deoptimize)
Event: 566.869 Executing non-safepoint VM operation: HandshakeAllThreads (Deoptimize) done
Event: 567.739 Executing non-safepoint VM operation: HandshakeAllThreads (Deoptimize)
Event: 567.739 Executing non-safepoint VM operation: HandshakeAllThreads (Deoptimize) done
Event: 567.742 Executing non-safepoint VM operation: HandshakeAllThreads (Deoptimize)
Event: 567.742 Executing non-safepoint VM operation: HandshakeAllThreads (Deoptimize) done
Event: 568.000 Executing non-safepoint VM operation: HandshakeAllThreads (Deoptimize)
Event: 568.000 Executing non-safepoint VM operation: HandshakeAllThreads (Deoptimize) done
Event: 568.348 Executing non-safepoint VM operation: HandshakeAllThreads (Deoptimize)
Event: 568.348 Executing non-safepoint VM operation: HandshakeAllThreads (Deoptimize) done
Event: 568.631 Executing non-safepoint VM operation: HandshakeAllThreads (G1 Java Thread CT swap)
Event: 568.631 Executing non-safepoint VM operation: HandshakeAllThreads (G1 Java Thread CT swap) done
Event: 568.631 Executing non-safepoint VM operation: G1RendezvousGCThreads
Event: 568.631 Executing non-safepoint VM operation: G1RendezvousGCThreads done
Event: 573.187 Executing non-safepoint VM operation: HandshakeAllThreads (Deoptimize)
Event: 573.187 Executing non-safepoint VM operation: HandshakeAllThreads (Deoptimize) done
Event: 573.343 Executing non-safepoint VM operation: HandshakeAllThreads (Deoptimize)
Event: 573.343 Executing non-safepoint VM operation: HandshakeAllThreads (Deoptimize) done
Event: 577.765 Executing safepoint VM operation: G1TryInitiateConcMark (CodeCache GC Threshold)

Memory protections (0 events):
No events

Nmethod flushes (20 events):
Event: 14.719 Thread 0x000001a742313740 flushing  nmethod 0x000001a720378588
Event: 14.719 Thread 0x000001a742313740 flushing  nmethod 0x000001a72037ce88
Event: 14.719 Thread 0x000001a742313740 flushing  nmethod 0x000001a7204f1388
Event: 14.719 Thread 0x000001a742313740 flushing  nmethod 0x000001a72056ad08
Event: 14.719 Thread 0x000001a742313740 flushing  nmethod 0x000001a720576a08
Event: 14.719 Thread 0x000001a742313740 flushing  nmethod 0x000001a720577808
Event: 14.719 Thread 0x000001a742313740 flushing  nmethod 0x000001a720578808
Event: 14.719 Thread 0x000001a742313740 flushing  nmethod 0x000001a720579308
Event: 14.719 Thread 0x000001a742313740 flushing  nmethod 0x000001a7205ec388
Event: 14.719 Thread 0x000001a742313740 flushing  nmethod 0x000001a7205ec708
Event: 14.719 Thread 0x000001a742313740 flushing  nmethod 0x000001a7205ecf88
Event: 14.719 Thread 0x000001a742313740 flushing  nmethod 0x000001a7205ef408
Event: 14.719 Thread 0x000001a742313740 flushing  nmethod 0x000001a7205f0088
Event: 14.719 Thread 0x000001a742313740 flushing  nmethod 0x000001a7205f0588
Event: 14.719 Thread 0x000001a742313740 flushing  nmethod 0x000001a7205f0b88
Event: 14.719 Thread 0x000001a742313740 flushing  nmethod 0x000001a7205f1588
Event: 14.719 Thread 0x000001a742313740 flushing  nmethod 0x000001a7205f1a88
Event: 14.719 Thread 0x000001a742313740 flushing  nmethod 0x000001a7205f1d88
Event: 14.719 Thread 0x000001a742313740 flushing  nmethod 0x000001a7205f2388
Event: 14.719 Thread 0x000001a742313740 flushing  nmethod 0x000001a7206b1b88

Events (20 events):
Event: 566.719 Thread 0x000001a742ab7970 Thread added: 0x000001a74a4a2ac0
Event: 566.719 Thread 0x000001a742ab7970 Thread added: 0x000001a74a4a32d0
Event: 566.723 Thread 0x000001a742abdbe0 Thread added: 0x000001a74a4a3ae0
Event: 566.731 Thread 0x000001a74a4a32d0 Thread added: 0x000001a74a4a42f0
Event: 566.742 Thread 0x000001a74dc73bb0 Thread added: 0x000001a74a4a0a80
Event: 566.953 Thread 0x000001a742ab7970 Thread added: 0x000001a74a4a7350
Event: 567.071 Thread 0x000001a742abdbe0 Thread added: 0x000001a74a4a6b40
Event: 568.156 Thread 0x000001a751ebf160 Thread added: 0x000001a751ecc450
Event: 571.615 Thread 0x000001a751ecc450 Thread added: 0x000001a75ba7a050
Event: 572.014 Thread 0x000001a74a4a6b40 Thread exited: 0x000001a74a4a6b40
Event: 572.014 Thread 0x000001a74a4a7350 Thread exited: 0x000001a74a4a7350
Event: 572.183 Thread 0x000001a75628c110 Thread added: 0x000001a75ba7ee70
Event: 573.062 Thread 0x000001a742abdbe0 Thread added: 0x000001a749fa8ed0
Event: 573.067 Thread 0x000001a749fa8ed0 Thread added: 0x000001a74a4a6b40
Event: 573.387 Thread 0x000001a74a4a6b40 Thread exited: 0x000001a74a4a6b40
Event: 573.698 Thread 0x000001a749fa8ed0 Thread exited: 0x000001a749fa8ed0
Event: 575.411 Thread 0x000001a74a4a0a80 Thread exited: 0x000001a74a4a0a80
Event: 575.439 Thread 0x000001a74a4a42f0 Thread exited: 0x000001a74a4a42f0
Event: 575.496 Thread 0x000001a74a4a3ae0 Thread exited: 0x000001a74a4a3ae0
Event: 577.297 Thread 0x000001a74a4a32d0 Thread exited: 0x000001a74a4a32d0


Dynamic libraries:
0x00007ff75c240000 - 0x00007ff75c24e000 	C:\Program Files\Eclipse Adoptium\jdk-26.0.2.10-hotspot\bin\java.exe
0x00007ffa1c8e0000 - 0x00007ffa1cb47000 	C:\WINDOWS\SYSTEM32\ntdll.dll
0x00007ffa1b350000 - 0x00007ffa1b41a000 	C:\WINDOWS\System32\KERNEL32.DLL
0x00007ffa1a200000 - 0x00007ffa1a602000 	C:\WINDOWS\System32\KERNELBASE.dll
0x00007ffa19f10000 - 0x00007ffa1a05c000 	C:\WINDOWS\System32\ucrtbase.dll
0x00007ff9fb580000 - 0x00007ff9fb59e000 	C:\Program Files\Eclipse Adoptium\jdk-26.0.2.10-hotspot\bin\VCRUNTIME140.dll
0x00007ff9fac60000 - 0x00007ff9fac77000 	C:\Program Files\Eclipse Adoptium\jdk-26.0.2.10-hotspot\bin\jli.dll
0x00007ffa1a640000 - 0x00007ffa1a80f000 	C:\WINDOWS\System32\USER32.dll
0x00007ffa19bb0000 - 0x00007ffa19bd7000 	C:\WINDOWS\System32\win32u.dll
0x00007ffa1c790000 - 0x00007ffa1c7bb000 	C:\WINDOWS\System32\GDI32.dll
0x00007ffa06fe0000 - 0x00007ffa07270000 	C:\WINDOWS\WinSxS\amd64_microsoft.windows.common-controls_6595b64144ccf1df_6.0.26100.9278_none_3e0d1ba8e3303201\COMCTL32.dll
0x00007ffa19ca0000 - 0x00007ffa19dc9000 	C:\WINDOWS\System32\gdi32full.dll
0x00007ffa1b520000 - 0x00007ffa1b5c9000 	C:\WINDOWS\System32\msvcrt.dll
0x00007ffa19e60000 - 0x00007ffa19f03000 	C:\WINDOWS\System32\msvcp_win.dll
0x00007ffa1ba30000 - 0x00007ffa1ba61000 	C:\WINDOWS\System32\IMM32.DLL
0x00007ffa08560000 - 0x00007ffa0856c000 	C:\Program Files\Eclipse Adoptium\jdk-26.0.2.10-hotspot\bin\vcruntime140_1.dll
0x00007ff98f9d0000 - 0x00007ff98fa5d000 	C:\Program Files\Eclipse Adoptium\jdk-26.0.2.10-hotspot\bin\msvcp140.dll
0x00007ff981940000 - 0x00007ff9828db000 	C:\Program Files\Eclipse Adoptium\jdk-26.0.2.10-hotspot\bin\server\jvm.dll
0x00007ffa1b850000 - 0x00007ffa1b90c000 	C:\WINDOWS\System32\ADVAPI32.dll
0x00007ffa1be00000 - 0x00007ffa1bea9000 	C:\WINDOWS\System32\sechost.dll
0x00007ffa1b110000 - 0x00007ffa1b228000 	C:\WINDOWS\System32\RPCRT4.dll
0x00007ffa1b2c0000 - 0x00007ffa1b340000 	C:\WINDOWS\System32\WS2_32.dll
0x00007ffa19970000 - 0x00007ffa199ce000 	C:\WINDOWS\SYSTEM32\POWRPROF.dll
0x00007ffa10650000 - 0x00007ffa1065b000 	C:\WINDOWS\SYSTEM32\VERSION.dll
0x00007ffa0c920000 - 0x00007ffa0c956000 	C:\WINDOWS\SYSTEM32\WINMM.dll
0x00007ffa19950000 - 0x00007ffa19965000 	C:\WINDOWS\SYSTEM32\UMPDC.dll
0x00007ffa18790000 - 0x00007ffa187ab000 	C:\WINDOWS\SYSTEM32\kernel.appcore.dll
0x00007ffa074e0000 - 0x00007ffa074ea000 	C:\Program Files\Eclipse Adoptium\jdk-26.0.2.10-hotspot\bin\jimage.dll
0x00007ffa0f7c0000 - 0x00007ffa0fa02000 	C:\WINDOWS\SYSTEM32\DBGHELP.DLL
0x00007ffa1ba70000 - 0x00007ffa1bdf4000 	C:\WINDOWS\System32\combase.dll
0x00007ffa1c680000 - 0x00007ffa1c759000 	C:\WINDOWS\System32\OLEAUT32.dll
0x00007ffa03500000 - 0x00007ffa0353b000 	C:\WINDOWS\SYSTEM32\dbgcore.DLL
0x00007ffa19be0000 - 0x00007ffa19c8c000 	C:\WINDOWS\System32\bcryptPrimitives.dll
0x00007ff9f6280000 - 0x00007ff9f629e000 	C:\Program Files\Eclipse Adoptium\jdk-26.0.2.10-hotspot\bin\java.dll
0x00007ffa1b5f0000 - 0x00007ffa1b789000 	C:\WINDOWS\System32\ole32.dll
0x00007ffa1a880000 - 0x00007ffa1b018000 	C:\WINDOWS\System32\SHELL32.dll
0x00007ffa17530000 - 0x00007ffa17dde000 	C:\WINDOWS\SYSTEM32\windows.storage.dll
0x00007ffa1b420000 - 0x00007ffa1b51b000 	C:\WINDOWS\System32\SHCORE.dll
0x00007ffa1b0a0000 - 0x00007ffa1b106000 	C:\WINDOWS\System32\shlwapi.dll
0x00007ffa19a10000 - 0x00007ffa19a39000 	C:\WINDOWS\SYSTEM32\profapi.dll
0x00007ff9f3e20000 - 0x00007ff9f3e31000 	C:\Program Files\Eclipse Adoptium\jdk-26.0.2.10-hotspot\bin\net.dll
0x00007ffa18d60000 - 0x00007ffa18dcc000 	C:\WINDOWS\system32\mswsock.dll
0x00007ff9f05e0000 - 0x00007ff9f05f6000 	C:\Program Files\Eclipse Adoptium\jdk-26.0.2.10-hotspot\bin\nio.dll
0x00007ff9ee840000 - 0x00007ff9ee856000 	C:\Program Files\Eclipse Adoptium\jdk-26.0.2.10-hotspot\bin\zip.dll
0x00007ff9f6e60000 - 0x00007ff9f6e78000 	C:\WINDOWS\system32\napinsp.dll
0x00007ffa181c0000 - 0x00007ffa18318000 	C:\WINDOWS\SYSTEM32\DNSAPI.dll
0x00007ffa18b60000 - 0x00007ffa18b6d000 	C:\WINDOWS\SYSTEM32\DSPARSE.dll
0x00007ffa18130000 - 0x00007ffa18163000 	C:\WINDOWS\SYSTEM32\IPHLPAPI.DLL
0x00007ffa1a870000 - 0x00007ffa1a87a000 	C:\WINDOWS\System32\NSI.dll
0x00007ff9f6e40000 - 0x00007ff9f6e53000 	C:\WINDOWS\System32\winrnr.dll
0x00007ff9f6e10000 - 0x00007ff9f6e37000 	C:\WINDOWS\system32\nlansp_c.dll
0x00007ffa11980000 - 0x00007ffa11996000 	C:\WINDOWS\system32\wshbth.dll
0x0000000000560000 - 0x0000000000586000 	C:\Program Files\Bonjour\mdnsNSP.dll
0x00007ffa0eb20000 - 0x00007ffa0eb2b000 	C:\Windows\System32\rasadhlp.dll
0x00007ffa108d0000 - 0x00007ffa10956000 	C:\WINDOWS\System32\fwpuclnt.dll
0x00007ffa026b0000 - 0x00007ffa026ba000 	C:\Program Files\Eclipse Adoptium\jdk-26.0.2.10-hotspot\bin\management.dll
0x00007ff9fffc0000 - 0x00007ff9fffcc000 	C:\Program Files\Eclipse Adoptium\jdk-26.0.2.10-hotspot\bin\management_ext.dll
0x00007ffa1ba20000 - 0x00007ffa1ba28000 	C:\WINDOWS\System32\PSAPI.DLL
0x00007ff9f9b50000 - 0x00007ff9f9b60000 	C:\Program Files\Eclipse Adoptium\jdk-26.0.2.10-hotspot\bin\verify.dll
0x00007ffa19090000 - 0x00007ffa190ab000 	C:\WINDOWS\SYSTEM32\CRYPTSP.dll
0x00007ffa186f0000 - 0x00007ffa18729000 	C:\WINDOWS\system32\rsaenh.dll
0x00007ffa18e30000 - 0x00007ffa18e64000 	C:\WINDOWS\SYSTEM32\USERENV.dll
0x00007ffa199e0000 - 0x00007ffa19a0a000 	C:\WINDOWS\SYSTEM32\bcrypt.dll
0x00007ffa19070000 - 0x00007ffa1907c000 	C:\WINDOWS\SYSTEM32\CRYPTBASE.dll
0x00007ff9be8c0000 - 0x00007ff9be909000 	C:\Users\adamh\AppData\Local\Temp\jna-92657337\jna7067735087574706284.dll
0x00007ffa1b790000 - 0x00007ffa1b83e000 	C:\WINDOWS\System32\clbcatq.dll
0x00007ffa0c0b0000 - 0x00007ffa0c0cd000 	C:\WINDOWS\SYSTEM32\amsi.dll
0x00007ff9f9f90000 - 0x00007ff9fa034000 	C:\ProgramData\Microsoft\Windows Defender\Platform\4.18.26080.3-0\MpOav.dll
0x00007ff9fdba0000 - 0x00007ff9fdbf8000 	C:\WINDOWS\SYSTEM32\Pdh.dll
0x00007ff9f80b0000 - 0x00007ff9f80c1000 	C:\WINDOWS\System32\perfos.dll
0x00007ffa16c40000 - 0x00007ffa16c52000 	C:\WINDOWS\SYSTEM32\pfclient.dll
0x00007ffa14600000 - 0x00007ffa14612000 	C:\WINDOWS\System32\perfproc.dll
0x00007ffa16980000 - 0x00007ffa169aa000 	C:\WINDOWS\SYSTEM32\Wtsapi32.dll
0x00007ffa1a070000 - 0x00007ffa1a1ee000 	C:\WINDOWS\System32\CRYPT32.dll
0x00007ffa18a60000 - 0x00007ffa18aa9000 	C:\WINDOWS\SYSTEM32\SspiCli.dll
0x00007ffa198a0000 - 0x00007ffa19904000 	C:\WINDOWS\SYSTEM32\WINSTA.dll
0x00007ff9ee830000 - 0x00007ff9ee839000 	C:\Program Files\Eclipse Adoptium\jdk-26.0.2.10-hotspot\bin\syslookup.dll
0x00007ff9ee5d0000 - 0x00007ff9ee5de000 	C:\Program Files\Eclipse Adoptium\jdk-26.0.2.10-hotspot\bin\sunmscapi.dll
0x00007ffa192b0000 - 0x00007ffa192e0000 	C:\WINDOWS\SYSTEM32\ncrypt.dll
0x00007ffa19260000 - 0x00007ffa1929f000 	C:\WINDOWS\SYSTEM32\NTASN1.dll
0x00007ffa07500000 - 0x00007ffa07508000 	C:\WINDOWS\system32\wshunix.dll
0x00007ff9eca70000 - 0x00007ff9eca79000 	C:\Program Files\Eclipse Adoptium\jdk-26.0.2.10-hotspot\bin\extnet.dll
0x00007ff97f150000 - 0x00007ff97f2d2000 	C:\Program Files\Eclipse Adoptium\jdk-26.0.2.10-hotspot\bin\awt.dll
0x00007ffa169b0000 - 0x00007ffa16a4f000 	C:\WINDOWS\SYSTEM32\apphelp.dll
0x00007ffa16b60000 - 0x00007ffa16c07000 	C:\WINDOWS\system32\uxtheme.dll
0x00007ffa1beb0000 - 0x00007ffa1c00b000 	C:\WINDOWS\System32\MSCTF.dll
0x00007ffa16e60000 - 0x00007ffa16e8f000 	C:\WINDOWS\system32\DWMAPI.DLL
0x00007ff9acd60000 - 0x00007ff9ace6c000 	C:\WINDOWS\system32\opengl32.dll
0x00007ff9ada40000 - 0x00007ff9ada6d000 	C:\WINDOWS\SYSTEM32\GLU32.dll
0x00007ffa16cb0000 - 0x00007ffa16cf4000 	C:\WINDOWS\SYSTEM32\dxcore.dll
0x00007ffa02320000 - 0x00007ffa024d2000 	C:\WINDOWS\system32\d3d9.dll
0x00007ffa0b190000 - 0x00007ffa0b36b000 	C:\WINDOWS\System32\DriverStore\FileRepository\u0371182.inf_amd64_e046f8d87ec91fad\B371034\aticfx64.dll
0x00007ffa02940000 - 0x00007ffa02973000 	C:\WINDOWS\System32\DriverStore\FileRepository\u0371182.inf_amd64_e046f8d87ec91fad\B371034\atiu9p64.dll
0x00007ff9c4220000 - 0x00007ff9c4f2c000 	C:\WINDOWS\System32\DriverStore\FileRepository\u0371182.inf_amd64_e046f8d87ec91fad\B371034\atiumd64.dll
0x0000000000590000 - 0x000000000144e000 	C:\WINDOWS\System32\DriverStore\FileRepository\u0371182.inf_amd64_e046f8d87ec91fad\B371034\atiumd6a.dll
0x00007ffa0a530000 - 0x00007ffa0a55f000 	C:\WINDOWS\SYSTEM32\amdihk64.dll
0x00007ffa118d0000 - 0x00007ffa1192e000 	C:\WINDOWS\SYSTEM32\directxdatabasehelper.dll
0x00007ffa19650000 - 0x00007ffa196a2000 	C:\WINDOWS\SYSTEM32\cfgmgr32.dll
0x00007ff981730000 - 0x00007ff9817bb000 	C:\Program Files\Eclipse Adoptium\jdk-26.0.2.10-hotspot\bin\freetype.dll
0x00007ff97f050000 - 0x00007ff97f147000 	C:\Program Files\Eclipse Adoptium\jdk-26.0.2.10-hotspot\bin\fontmanager.dll
0x00007ffa15160000 - 0x00007ffa15396000 	C:\WINDOWS\SYSTEM32\WindowsCodecs.dll
0x00007ffa066d0000 - 0x00007ffa0672c000 	C:\WINDOWS\system32\dataexchange.dll
0x00007ffa12280000 - 0x00007ffa124d0000 	C:\WINDOWS\system32\twinapi.appcore.dll
0x00007ffa00ed0000 - 0x00007ffa01012000 	C:\WINDOWS\SYSTEM32\textinputframework.dll
0x00007ffa160f0000 - 0x00007ffa1621b000 	C:\WINDOWS\SYSTEM32\CoreMessaging.dll
0x00007ffa0b8c0000 - 0x00007ffa0bba4000 	C:\WINDOWS\SYSTEM32\CoreUIComponents.dll
0x00007ffa12a20000 - 0x00007ffa12b8a000 	C:\WINDOWS\SYSTEM32\wintypes.dll

JVMTI agents: none

dbghelp: loaded successfully - version: 4.0.5 - missing functions: none
symbol engine: initialized successfully - sym options: 0x614 - pdb path: .;C:\Program Files\Eclipse Adoptium\jdk-26.0.2.10-hotspot\bin;C:\WINDOWS\SYSTEM32;C:\WINDOWS\WinSxS\amd64_microsoft.windows.common-controls_6595b64144ccf1df_6.0.26100.9278_none_3e0d1ba8e3303201;C:\Program Files\Eclipse Adoptium\jdk-26.0.2.10-hotspot\bin\server;C:\Program Files\Bonjour;C:\Users\adamh\AppData\Local\Temp\jna-92657337;C:\ProgramData\Microsoft\Windows Defender\Platform\4.18.26080.3-0;C:\WINDOWS\System32\DriverStore\FileRepository\u0371182.inf_amd64_e046f8d87ec91fad\B371034

VM Arguments:
jvm_args: -Xms8G -Xmx12G -XX:+UseG1GC -XX:+ParallelRefProcEnabled -XX:MaxGCPauseMillis=200 -XX:+UnlockExperimentalVMOptions -XX:+DisableExplicitGC -XX:G1NewSizePercent=20 -XX:G1MaxNewSizePercent=40 -XX:G1HeapRegionSize=16M -XX:G1ReservePercent=20 -XX:G1HeapWastePercent=5 -XX:G1MixedGCCountTarget=4 -XX:InitiatingHeapOccupancyPercent=15 -XX:G1MixedGCLiveThresholdPercent=90 -XX:G1RSetUpdatingPauseTimePercent=5 -XX:SurvivorRatio=32 -XX:MaxTenuringThreshold=1 -XX:+PerfDisableSharedMem -Dio.netty.eventLoopThreads=6 
java_command: fabric-server-mc.26.2-loader.0.19.3-launcher.1.1.2.jar
java_class_path (initial): fabric-server-mc.26.2-loader.0.19.3-launcher.1.1.2.jar
Launcher Type: SUN_STANDARD

[Global flags]
     bool AOTAdapterCaching                        = false                                  {diagnostic} {ergonomic}
     bool AOTInvokeDynamicLinking                  = false                                  {diagnostic} {ergonomic}
     bool AOTRecordTraining                        = false                                  {diagnostic} {ergonomic}
     bool AOTReplayTraining                        = false                                  {diagnostic} {ergonomic}
     bool AOTStubCaching                           = false                                  {diagnostic} {ergonomic}
     bool AlwaysTenure                             = false                                     {product} {command line}
     intx CICompilerCount                          = 12                                        {product} {ergonomic}
     uint ConcGCThreads                            = 3                                         {product} {ergonomic}
     bool DisableExplicitGC                        = true                                      {product} {command line}
     uint G1ConcRefinementThreads                  = 13                                        {product} {ergonomic}
     uint G1EagerReclaimRemSetThreshold            = 128                                  {experimental} {ergonomic}
   size_t G1HeapRegionSize                         = 16777216                                  {product} {command line}
     uint G1HeapWastePercent                       = 5                                         {product} {command line}
     uint G1MaxNewSizePercent                      = 40                                   {experimental} {command line}
    uintx G1MixedGCCountTarget                     = 4                                         {product} {command line}
     uint G1MixedGCLiveThresholdPercent            = 90                                   {experimental} {command line}
     uint G1NewSizePercent                         = 20                                   {experimental} {command line}
     uint G1RSetUpdatingPauseTimePercent           = 5                                         {product} {command line}
     uint G1RemSetArrayOfCardsEntries              = 128                                  {experimental} {ergonomic}
     uint G1RemSetHowlMaxNumBuckets                = 8                                    {experimental} {ergonomic}
     uint G1RemSetHowlNumBuckets                   = 8                                    {experimental} {ergonomic}
     uint G1ReservePercent                         = 20                                        {product} {command line}
   size_t InitialHeapSize                          = 8589934592                                {product} {command line}
     uint InitialTenuringThreshold                 = 1                                         {product} {ergonomic}
     uint InitiatingHeapOccupancyPercent           = 15                                        {product} {command line}
     bool IntelJccErratumMitigation                = false                             {ARCH diagnostic} {ergonomic}
   size_t MarkStackSize                            = 4194304                                   {product} {ergonomic}
   size_t MarkStackSizeMax                         = 536870912                                 {product} {ergonomic}
    uintx MaxGCPauseMillis                         = 200                                       {product} {command line}
   size_t MaxHeapSize                              = 12884901888                               {product} {command line}
   size_t MaxNewSize                               = 5150605312                                {product} {ergonomic}
 uint64_t MaxRAM                                   = 33667739648                               {product} {ergonomic}
     uint MaxTenuringThreshold                     = 1                                         {product} {command line}
   size_t MinHeapDeltaBytes                        = 16777216                                  {product} {ergonomic}
   size_t MinHeapSize                              = 8589934592                                {product} {command line}
     bool NeverTenure                              = false                                     {product} {command line}
   size_t NonNMethodCodeHeapSize                   = 7667712                                {pd product} {ergonomic}
   size_t NonProfiledCodeHeapSize                  = 122028032                              {pd product} {ergonomic}
     bool ParallelRefProcEnabled                   = true                                      {product} {command line}
     bool PerfDisableSharedMem                     = true                                      {product} {command line}
   size_t ProfiledCodeHeapSize                     = 122028032                              {pd product} {ergonomic}
   size_t ReservedCodeCacheSize                    = 251723776                              {pd product} {ergonomic}
     bool SegmentedCodeCache                       = true                                      {product} {ergonomic}
   size_t SoftMaxHeapSize                          = 12884901888                            {manageable} {ergonomic}
    uintx SurvivorRatio                            = 32                                        {product} {command line}
     bool UnlockExperimentalVMOptions              = true                                 {experimental} {command line}
     bool UseCompressedOops                        = true                           {product lp64_product} {ergonomic}
     bool UseCondCardMark                          = true                                      {product} {ergonomic}
     bool UseFastUnorderedTimeStamps               = true                                 {experimental} {ergonomic}
     bool UseG1GC                                  = true                                      {product} {command line}
     bool UseLargePagesIndividualAllocation        = false                                  {pd product} {ergonomic}
      int X86ICacheSync                            = 3                                 {ARCH diagnostic} {ergonomic}

Logging:
Log output configuration:
 #0: stdout all=warning uptime,level,tags foldmultilines=false
 #1: stderr all=off uptime,level,tags foldmultilines=false

Release file:
IMPLEMENTOR="Eclipse Adoptium" 
IMPLEMENTOR_VERSION="Temurin-26.0.2+10" 
JAVA_RUNTIME_VERSION="26.0.2+10" 
JAVA_VERSION="26.0.2" 
JAVA_VERSION_DATE="2026-07-21" 
LIBC="default" 
MODULES="java.base java.compiler java.datatransfer java.xml java.prefs java.desktop java.instrument java.logging java.management java.security.sasl java.naming java.rmi java.management.rmi java.net.http java.scripting java.security.jgss java.transaction.xa java.sql java.sql.rowset java.xml.crypto java.se java.smartcardio jdk.accessibility jdk.internal.jvmstat jdk.attach jdk.charsets jdk.internal.opt jdk.zipfs jdk.compiler jdk.crypto.cryptoki jdk.crypto.ec jdk.crypto.mscapi jdk.dynalink jdk.internal.ed jdk.editpad jdk.internal.vm.ci jdk.graal.compiler jdk.graal.compiler.management jdk.hotspot.agent jdk.httpserver jdk.incubator.vector jdk.internal.le jdk.internal.md jdk.jartool jdk.javadoc jdk.jcmd jdk.management jdk.management.agent jdk.jconsole jdk.jdeps jdk.jdwp.agent jdk.jdi jdk.jfr jdk.jlink jdk.jpackage jdk.jshell jdk.jstatd jdk.localedata jdk.management.jfr jdk.naming.dns jdk.naming.rmi jdk.net jdk.nio.mapmode jdk.sctp jdk.security.auth jdk.security.jgss jdk.unsupported jdk.unsupported.desktop jdk.xml.dom" 
OS_ARCH="x86_64" 
OS_NAME="Windows" 
SOURCE=".:git:8ef08853c5a2" 
BUILD_SOURCE="git:e6ba7dec3d07654074559310376a3ae89da5f4ac"
BUILD_SOURCE_REPO="https://github.com/adoptium/temurin-build.git"
SOURCE_REPO="https://github.com/adoptium/jdk26u.git"
FULL_VERSION="26.0.2+10"
SEMANTIC_VERSION="26.0.2+10"
BUILD_INFO="OS: Windows Server 2022 Version: 10.0"
JVM_VARIANT="Hotspot"
JVM_VERSION="26.0.2+10"
IMAGE_TYPE="JDK"

Environment Variables:
JAVA_HOME=C:\Program Files\Eclipse Adoptium\jdk-26.0.2.10-hotspot\
JAVA_OPTS=-XX:+UseG1GC  -XX:+ParallelRefProcEnabled  -XX:MaxGCPauseMillis=200  -XX:+UnlockExperimentalVMOptions  -XX:+DisableExplicitGC  -XX:G1NewSizePercent=20  -XX:G1MaxNewSizePercent=40  -XX:G1HeapRegionSize=16M  -XX:G1ReservePercent=20  -XX:G1HeapWastePercent=5  -XX:G1MixedGCCountTarget=4  -XX:InitiatingHeapOccupancyPercent=15  -XX:G1MixedGCLiveThresholdPercent=90  -XX:G1RSetUpdatingPauseTimePercent=5  -XX:SurvivorRatio=32  -XX:MaxTenuringThreshold=1  -XX:+PerfDisableSharedMem  -Dio.netty.eventLoopThreads=6
PATH=C:\Program Files\Eclipse Adoptium\jdk-26.0.2.10-hotspot\bin;C:\WINDOWS\system32;C:\WINDOWS;C:\WINDOWS\System32\Wbem;C:\WINDOWS\System32\WindowsPowerShell\v1.0\;C:\WINDOWS\System32\OpenSSH\;C:\Program Files (x86)\NVIDIA Corporation\PhysX\Common;C:\Program Files (x86)\Windows Kits\8.1\Windows Performance Toolkit\;C:\Program Files\Tailscale\;C:\Program Files\NVIDIA Corporation\NVIDIA App\NvDLISR;C:\Users\adamh\AppData\Local\Microsoft\WindowsApps;C:\Users\adamh\AppData\Local\PowerToys\DSCModules\;C:\ProgramData\adamh\GitHubDesktop\bin;C:\Users\adamh\AppData\Local\GitHubDesktop\bin
USERNAME=adamh
OS=Windows_NT
PROCESSOR_IDENTIFIER=AMD64 Family 25 Model 80 Stepping 0, AuthenticAMD
TMP=C:\Users\adamh\AppData\Local\Temp
TEMP=C:\Users\adamh\AppData\Local\Temp




Compilation memory statistics disabled.

Periodic native trim disabled

---------------  S Y S T E M  ---------------

OS:
 Windows 11 , 64 bit Build 26100 (10.0.26100.9278)
OS uptime: 2 days 9:49 hours
Hyper-V role detected

CPU: total 16 (initial active 16) (8 cores per cpu, 2 threads per core) family 25 model 80 stepping 0 microcode 0xa50000d, cx8, cmov, fxsr, ht, mmx, 3dnowpref, sse, sse2, sse3, ssse3, sse4a, sse4.1, sse4.2, popcnt, lzcnt, tsc, tscinvbit, avx, avx2, aes, erms, clmul, bmi1, bmi2, adx, sha, fma, vzeroupper, clflush, clflushopt, clwb, hv, rdtscp, rdpid, fsrm, f16c, cet_ss
Processor Information for the first 16 processors :
  Max Mhz: 3201, Current Mhz: 3201, Mhz Limit: 3201

Memory: 4k page, system-wide physical 32108M (10865M free)
TotalPageFile size 35057M (AvailPageFile size 1446M)
current process WorkingSet (physical memory assigned to process): 3963M, peak: 3963M
current process commit charge ("private bytes"): 8884M, peak: 10518M

vm_info: OpenJDK 64-Bit Server VM (26.0.2+10) for windows-amd64 JRE (26.0.2+10), built on 2026-07-21T00:00:00Z with MS VC++ 17.12 (VS2022)

END.
